{
    "query_graph": {
        "nodes": {},
        "edges": {}
    },
    "knowledge_graph": {
        "nodes": {
            "NCBIGene:9429": {
                "categories": [
                    "biolink:NamedThing",
                    "biolink:BiologicalEntity",
                    "biolink:MolecularEntity",
                    "biolink:Gene",
                    "biolink:GeneOrGeneProduct",
                    "biolink:MacromolecularMachine",
                    "biolink:GenomicEntity"
                ],
                "name": "ABCG2",
                "attributes": [
                    {
                        "attribute_type_id": "EDAM:data_0006",
                        "value": 88090150,
                        "value_type_id": "biolink:Attribute",
                        "original_attribute_name": "start_position",
                        "value_url": null,
                        "attribute_source": null
                    },
                    {
                        "attribute_type_id": "EDAM:data_0006",
                        "value": "protein-coding gene",
                        "value_type_id": "biolink:Attribute",
                        "original_attribute_name": "locus_group",
                        "value_url": null,
                        "attribute_source": null
                    },
                    {
                        "attribute_type_id": "EDAM:data_0006",
                        "value": [],
                        "value_type_id": "biolink:Attribute",
                        "original_attribute_name": "synonyms",
                        "value_url": null,
                        "attribute_source": null
                    },
                    {
                        "attribute_type_id": "EDAM:data_0006",
                        "value": "4",
                        "value_type_id": "biolink:Attribute",
                        "original_attribute_name": "chromosome",
                        "value_url": null,
                        "attribute_source": null
                    },
                    {
                        "attribute_type_id": "EDAM:data_0006",
                        "value": "ATP binding cassette subfamily G member 2 (Junior blood group) [Source:HGNC Symbol;Acc:HGNC:74]",
                        "value_type_id": "biolink:Attribute",
                        "original_attribute_name": "description",
                        "value_url": null,
                        "attribute_source": null
                    },
                    {
                        "attribute_type_id": "EDAM:data_0006",
                        "value": [
                            "Blood group antigens",
                            "CD molecules",
                            "ATP binding cassette subfamily G"
                        ],
                        "value_type_id": "biolink:Attribute",
                        "original_attribute_name": "gene_family",
                        "value_url": null,
                        "attribute_source": null
                    },
                    {
                        "attribute_type_id": "EDAM:data_0006",
                        "value": "protein_coding",
                        "value_type_id": "biolink:Attribute",
                        "original_attribute_name": "gene_biotype",
                        "value_url": null,
                        "attribute_source": null
                    },
                    {
                        "attribute_type_id": "EDAM:data_0006",
                        "value": 88231628,
                        "value_type_id": "biolink:Attribute",
                        "original_attribute_name": "end_position",
                        "value_url": null,
                        "attribute_source": null
                    },
                    {
                        "attribute_type_id": "EDAM:data_0006",
                        "value": [
                            "NCBIGene:9429",
                            "UniProtKB:Q9UNQ0",
                            "ENSEMBL:ENSG00000118777",
                            "NCBIGene:9429",
                            "HGNC:74"
                        ],
                        "value_type_id": "biolink:Attribute",
                        "original_attribute_name": "equivalent_identifiers",
                        "value_url": null,
                        "attribute_source": null
                    },
                    {
                        "attribute_type_id": "EDAM:data_0006",
                        "value": "ABCG2",
                        "value_type_id": "biolink:Attribute",
                        "original_attribute_name": "name",
                        "value_url": null,
                        "attribute_source": null
                    },
                    {
                        "attribute_type_id": "EDAM:data_0006",
                        "value": 9606,
                        "value_type_id": "biolink:Attribute",
                        "original_attribute_name": "taxon",
                        "value_url": null,
                        "attribute_source": null
                    },
                    {
                        "attribute_type_id": "EDAM:data_0006",
                        "value": "4q22.1",
                        "value_type_id": "biolink:Attribute",
                        "original_attribute_name": "location",
                        "value_url": null,
                        "attribute_source": null
                    },
                    {
                        "attribute_type_id": "EDAM:data_0006",
                        "value": "ABCG2",
                        "value_type_id": "biolink:Attribute",
                        "original_attribute_name": "ensembl_name",
                        "value_url": null,
                        "attribute_source": null
                    },
                    {
                        "attribute_type_id": "EDAM:data_0006",
                        "value": [
                            454,
                            471,
                            811
                        ],
                        "value_type_id": "biolink:Attribute",
                        "original_attribute_name": "gene_family_id",
                        "value_url": null,
                        "attribute_source": null
                    }
                ],
                "degree": 4377
            },
            "PUBCHEM.COMPOUND:119182": {
                "categories": [
                    "biolink:NamedThing",
                    "biolink:BiologicalEntity",
                    "biolink:ChemicalSubstance",
                    "biolink:MolecularEntity"
                ],
                "name": "clofarabine",
                "attributes": [
                    {
                        "attribute_type_id": "EDAM:data_0006",
                        "value": 1,
                        "value_type_id": "biolink:Attribute",
                        "original_attribute_name": "prodrug",
                        "value_url": null,
                        "attribute_source": null
                    },
                    {
                        "attribute_type_id": "EDAM:data_0006",
                        "value": "Small molecule",
                        "value_type_id": "biolink:Attribute",
                        "original_attribute_name": "molecule_type",
                        "value_url": null,
                        "attribute_source": null
                    },
                    {
                        "attribute_type_id": "EDAM:data_0006",
                        "value": false,
                        "value_type_id": "biolink:Attribute",
                        "original_attribute_name": "topical",
                        "value_url": null,
                        "attribute_source": null
                    },
                    {
                        "attribute_type_id": "EDAM:data_0006",
                        "value": true,
                        "value_type_id": "biolink:Attribute",
                        "original_attribute_name": "pharmaceutical",
                        "value_url": null,
                        "attribute_source": null
                    },
                    {
                        "attribute_type_id": "EDAM:data_0006",
                        "value": true,
                        "value_type_id": "biolink:Attribute",
                        "original_attribute_name": "role",
                        "value_url": null,
                        "attribute_source": null
                    },
                    {
                        "attribute_type_id": "EDAM:data_0006",
                        "value": [
                            "APRD00878",
                            "DB07554",
                            "DB06189"
                        ],
                        "value_type_id": "biolink:Attribute",
                        "original_attribute_name": "drugbank.accession_number",
                        "value_url": null,
                        "attribute_source": null
                    },
                    {
                        "attribute_type_id": "EDAM:data_0006",
                        "value": "{'alogp': '-0.35', 'aromatic_rings': 2, 'cx_logd': '-0.29', 'cx_logp': '-0.29', 'cx_most_apka': '12.71', 'cx_most_bpka': '2.20', 'full_molformula': 'C10H11ClFN5O3', 'full_mwt': '303.68', 'hba': 8, 'hba_lipinski': 8, 'hbd': 3, 'hbd_lipinski': 4, 'heavy_atoms': 20, 'molecular_species': 'NEUTRAL', 'mw_freebase': '303.68', 'mw_monoisotopic': '303.0534', 'num_lipinski_ro5_violations': 0, 'num_ro5_violations': 0, 'psa': '119.31', 'qed_weighted': '0.65', 'ro3_pass': 'N', 'rtb': 2}",
                        "value_type_id": "biolink:Attribute",
                        "original_attribute_name": "molecule_properties",
                        "value_url": null,
                        "attribute_source": null
                    },
                    {
                        "attribute_type_id": "EDAM:data_0006",
                        "value": true,
                        "value_type_id": "biolink:Attribute",
                        "original_attribute_name": "biochemical_role",
                        "value_url": null,
                        "attribute_source": null
                    },
                    {
                        "attribute_type_id": "EDAM:data_0006",
                        "value": true,
                        "value_type_id": "biolink:Attribute",
                        "original_attribute_name": "drug",
                        "value_url": null,
                        "attribute_source": null
                    },
                    {
                        "attribute_type_id": "EDAM:data_0006",
                        "value": 1,
                        "value_type_id": "biolink:Attribute",
                        "original_attribute_name": "natural_product",
                        "value_url": null,
                        "attribute_source": null
                    },
                    {
                        "attribute_type_id": "EDAM:data_0006",
                        "value": true,
                        "value_type_id": "biolink:Attribute",
                        "original_attribute_name": "antimetabolite",
                        "value_url": null,
                        "attribute_source": null
                    },
                    {
                        "attribute_type_id": "EDAM:data_0006",
                        "value": true,
                        "value_type_id": "biolink:Attribute",
                        "original_attribute_name": "antineoplastic_agent",
                        "value_url": null,
                        "attribute_source": null
                    },
                    {
                        "attribute_type_id": "EDAM:data_0006",
                        "value": [
                            "Adenine Nucleotides",
                            "Antimetabolites",
                            "Antineoplastic Agents",
                            "Antineoplastic and Immunomodulating Agents",
                            "Arabinonucleosides",
                            "BCRP/ABCG2 Substrates",
                            "Carbohydrates",
                            "Drugs that are Mainly Renally Excreted",
                            "Glycosides",
                            "Heterocyclic Compounds, Fused-Ring",
                            "Hypotensive Agents",
                            "Immunosuppressive Agents",
                            "Myelosuppressive Agents",
                            "Noxae",
                            "Nucleic Acid Synthesis Inhibitors",
                            "Nucleic Acids, Nucleotides, and Nucleosides",
                            "Nucleoside Metabolic Inhibitor",
                            "Nucleosides",
                            "Nucleotides",
                            "Purine Analogues",
                            "Purine Nucleotides",
                            "Purines",
                            "Ribonucleotides",
                            "Toxic Actions"
                        ],
                        "value_type_id": "biolink:Attribute",
                        "original_attribute_name": "drugbank.categories",
                        "value_url": null,
                        "attribute_source": null
                    },
                    {
                        "attribute_type_id": "EDAM:data_0006",
                        "value": [],
                        "value_type_id": "biolink:Attribute",
                        "original_attribute_name": "synonyms",
                        "value_url": null,
                        "attribute_source": null
                    },
                    {
                        "attribute_type_id": "EDAM:data_0006",
                        "value": [
                            "UNII:762RDY0Y2H",
                            "MESH:D000077866",
                            "HMDB:HMDB0014769",
                            "CHEMBL.COMPOUND:CHEMBL1750",
                            "gtpo:6802",
                            "PUBCHEM.COMPOUND:119182",
                            "INCHIKEY:KHDTUSSAIHNYFL-UHFFFAOYSA-N",
                            "CHEBI:681569",
                            "DRUGBANK:DB00631",
                            "MESH:C068329"
                        ],
                        "value_type_id": "biolink:Attribute",
                        "original_attribute_name": "equivalent_identifiers",
                        "value_url": null,
                        "attribute_source": null
                    },
                    {
                        "attribute_type_id": "EDAM:data_0006",
                        "value": true,
                        "value_type_id": "biolink:Attribute",
                        "original_attribute_name": "parenteral",
                        "value_url": null,
                        "attribute_source": null
                    },
                    {
                        "attribute_type_id": "EDAM:data_0006",
                        "value": true,
                        "value_type_id": "biolink:Attribute",
                        "original_attribute_name": "application",
                        "value_url": null,
                        "attribute_source": null
                    },
                    {
                        "attribute_type_id": "EDAM:data_0006",
                        "value": "clofarabine",
                        "value_type_id": "biolink:Attribute",
                        "original_attribute_name": "name",
                        "value_url": null,
                        "attribute_source": null
                    },
                    {
                        "attribute_type_id": "EDAM:data_0006",
                        "value": true,
                        "value_type_id": "biolink:Attribute",
                        "original_attribute_name": "therapeutic_flag",
                        "value_url": null,
                        "attribute_source": null
                    },
                    {
                        "attribute_type_id": "EDAM:data_0006",
                        "value": false,
                        "value_type_id": "biolink:Attribute",
                        "original_attribute_name": "withdrawn_flag",
                        "value_url": null,
                        "attribute_source": null
                    },
                    {
                        "attribute_type_id": "EDAM:data_0006",
                        "value": true,
                        "value_type_id": "biolink:Attribute",
                        "original_attribute_name": "drugbank.investigational",
                        "value_url": null,
                        "attribute_source": null
                    },
                    {
                        "attribute_type_id": "EDAM:data_0006",
                        "value": false,
                        "value_type_id": "biolink:Attribute",
                        "original_attribute_name": "oral",
                        "value_url": null,
                        "attribute_source": null
                    },
                    {
                        "attribute_type_id": "EDAM:data_0006",
                        "value": true,
                        "value_type_id": "biolink:Attribute",
                        "original_attribute_name": "drugbank.approved",
                        "value_url": null,
                        "attribute_source": null
                    },
                    {
                        "attribute_type_id": "EDAM:data_0006",
                        "value": true,
                        "value_type_id": "biolink:Attribute",
                        "original_attribute_name": "biological_role",
                        "value_url": null,
                        "attribute_source": null
                    }
                ],
                "degree": 367
            },
            "MONDO:0018874": {
                "categories": [
                    "biolink:NamedThing",
                    "biolink:BiologicalEntity",
                    "biolink:Disease",
                    "biolink:DiseaseOrPhenotypicFeature"
                ],
                "name": "acute myeloid leukemia",
                "attributes": [
                    {
                        "attribute_type_id": "EDAM:data_0006",
                        "value": true,
                        "value_type_id": "biolink:Attribute",
                        "original_attribute_name": "acute_disease",
                        "value_url": null,
                        "attribute_source": null
                    },
                    {
                        "attribute_type_id": "EDAM:data_0006",
                        "value": [],
                        "value_type_id": "biolink:Attribute",
                        "original_attribute_name": "synonyms",
                        "value_url": null,
                        "attribute_source": null
                    },
                    {
                        "attribute_type_id": "EDAM:data_0006",
                        "value": "acute myeloid leukemia",
                        "value_type_id": "biolink:Attribute",
                        "original_attribute_name": "name",
                        "value_url": null,
                        "attribute_source": null
                    },
                    {
                        "attribute_type_id": "EDAM:data_0006",
                        "value": [
                            "UMLS:C0549446",
                            "UMLS:C1378511",
                            "UMLS:C1336735",
                            "UMLS:C0153885",
                            "MONDO:0018874",
                            "UMLS:C0023467",
                            "ORPHANET:519",
                            "MESH:D015470",
                            "MEDDRA:10000880",
                            "SNOMEDCT:91861009",
                            "UMLS:C0026998",
                            "NCIT:C3171",
                            "UMLS:C1737261",
                            "UMLS:C1879321",
                            "OMIM:601626",
                            "NCIT:C8252",
                            "DOID:9119"
                        ],
                        "value_type_id": "biolink:Attribute",
                        "original_attribute_name": "equivalent_identifiers",
                        "value_url": null,
                        "attribute_source": null
                    }
                ],
                "degree": 771
            }
        },
        "edges": {
            "03551db69531aa85d3f50846fbfb5437": {
                "subject": "NCBIGene:9429",
                "object": "PUBCHEM.COMPOUND:119182",
                "predicate": "biolink:increases_degradation_of",
                "relation": null,
                "attributes": [
                    {
                        "attribute_type_id": "EDAM:data_0006",
                        "value": [
                            "substrate"
                        ],
                        "value_type_id": "biolink:Attribute",
                        "original_attribute_name": "relation_label",
                        "value_url": null,
                        "attribute_source": null
                    },
                    {
                        "attribute_type_id": "EDAM:data_0006",
                        "value": "biolink:increases_degradation_of",
                        "value_type_id": "biolink:Attribute",
                        "original_attribute_name": "predicate_id",
                        "value_url": null,
                        "attribute_source": null
                    },
                    {
                        "attribute_type_id": "EDAM:data_0006",
                        "value": [
                            "mychem.get_gene_by_drug"
                        ],
                        "value_type_id": "biolink:Attribute",
                        "original_attribute_name": "edge_source",
                        "value_url": null,
                        "attribute_source": null
                    },
                    {
                        "attribute_type_id": "EDAM:data_0006",
                        "value": [
                            1595087432.527534
                        ],
                        "value_type_id": "biolink:Attribute",
                        "original_attribute_name": "ctime",
                        "value_url": null,
                        "attribute_source": null
                    },
                    {
                        "attribute_type_id": "EDAM:data_0006",
                        "value": [
                            "mychem"
                        ],
                        "value_type_id": "biolink:Attribute",
                        "original_attribute_name": "source_database",
                        "value_url": null,
                        "attribute_source": null
                    },
                    {
                        "attribute_type_id": "EDAM:data_0006",
                        "value": [
                            "GAMMA:substrate"
                        ],
                        "value_type_id": "biolink:Attribute",
                        "original_attribute_name": "relation",
                        "value_url": null,
                        "attribute_source": null
                    },
                    {
                        "attribute_type_id": "EDAM:data_0971",
                        "value": [
                            "PMID:18765824"
                        ],
                        "value_type_id": "biolink:Attribute",
                        "original_attribute_name": "publications",
                        "value_url": null,
                        "attribute_source": null
                    }
                ]
            },
            "66a6dbd04440b78e241bfd3bcc1cab17": {
                "subject": "NCBIGene:9429",
                "object": "MONDO:0018874",
                "predicate": "biolink:causes",
                "relation": null,
                "attributes": [
                    {
                        "attribute_type_id": "EDAM:data_0006",
                        "value": "biolink:causes",
                        "value_type_id": "biolink:Attribute",
                        "original_attribute_name": "predicate_id",
                        "value_url": null,
                        "attribute_source": null
                    },
                    {
                        "attribute_type_id": "EDAM:data_0006",
                        "value": [
                            "contributes to condition"
                        ],
                        "value_type_id": "biolink:Attribute",
                        "original_attribute_name": "relation_label",
                        "value_url": null,
                        "attribute_source": null
                    },
                    {
                        "attribute_type_id": "EDAM:data_0006",
                        "value": [
                            "biolink.disease_get_gene"
                        ],
                        "value_type_id": "biolink:Attribute",
                        "original_attribute_name": "edge_source",
                        "value_url": null,
                        "attribute_source": null
                    },
                    {
                        "attribute_type_id": "EDAM:data_0006",
                        "value": [
                            1585626916.0371585
                        ],
                        "value_type_id": "biolink:Attribute",
                        "original_attribute_name": "ctime",
                        "value_url": null,
                        "attribute_source": null
                    },
                    {
                        "attribute_type_id": "EDAM:data_0006",
                        "value": [
                            "biolink"
                        ],
                        "value_type_id": "biolink:Attribute",
                        "original_attribute_name": "source_database",
                        "value_url": null,
                        "attribute_source": null
                    },
                    {
                        "attribute_type_id": "EDAM:data_0006",
                        "value": [
                            "RO:0003304"
                        ],
                        "value_type_id": "biolink:Attribute",
                        "original_attribute_name": "relation",
                        "value_url": null,
                        "attribute_source": null
                    },
                    {
                        "attribute_type_id": "EDAM:data_0971",
                        "value": [
                            "PMID:27903959"
                        ],
                        "value_type_id": "biolink:Attribute",
                        "original_attribute_name": "publications",
                        "value_url": null,
                        "attribute_source": null
                    }
                ]
            }
        }
    },
    "results": [
        {
            "node_bindings": {
                "stop1": [
                    {
                        "id": "NCBIGene:9429"
                    }
                ],
                "drug": [
                    {
                        "id": "PUBCHEM.COMPOUND:119182"
                    }
                ],
                "disease": [
                    {
                        "id": "MONDO:0018874"
                    }
                ]
            },
            "edge_bindings": {
                "leg1": [
                    {
                        "id": "03551db69531aa85d3f50846fbfb5437"
                    },
                    {
                        "id": "5a02fc149eaec6d43f3c8ae7fa73e63b"
                    }
                ],
                "leg2": [
                    {
                        "id": "66a6dbd04440b78e241bfd3bcc1cab17"
                    }
                ]
            }
        }
    ]
}