{
    "query_graph": {
        "nodes": {},
        "edges": {}
    },
    "knowledge_graph": {
        "nodes": {
            "MONDO:0005071": {
                "categories": [
                    "biolink:NamedThing",
                    "biolink:BiologicalEntity",
                    "biolink:Disease",
                    "biolink:DiseaseOrPhenotypicFeature"
                ],
                "name": "nervous system disorder",
                "attributes": [
                    {
                        "attribute_type_id": "EDAM:data_0006",
                        "value": [],
                        "value_type_id": "biolink:Attribute",
                        "original_attribute_name": "synonyms",
                        "value_url": null,
                        "attribute_source": null
                    },
                    {
                        "attribute_type_id": "EDAM:data_0006",
                        "value": "nervous system disorder",
                        "value_type_id": "biolink:Attribute",
                        "original_attribute_name": "name",
                        "value_url": null,
                        "attribute_source": null
                    },
                    {
                        "attribute_type_id": "EDAM:data_0006",
                        "value": [
                            "SNOMEDCT:118940003",
                            "MEDDRA:10029205",
                            "MEDDRA:10029202",
                            "NCIT:C26835",
                            "MONDO:0005071",
                            "UMLS:C0027765",
                            "DOID:863",
                            "MESH:D009422",
                            "UMLS:C0858896",
                            "EFO:0000618"
                        ],
                        "value_type_id": "biolink:Attribute",
                        "original_attribute_name": "equivalent_identifiers",
                        "value_url": null,
                        "attribute_source": null
                    }
                ],
                "degree": 3529
            },
            "NCIT:C157079": {
                "categories": [
                    "biolink:NamedThing",
                    "biolink:BiologicalEntity",
                    "biolink:ChemicalSubstance",
                    "biolink:MolecularEntity"
                ],
                "name": "Leucovorin",
                "attributes": [
                    {
                        "attribute_type_id": "EDAM:data_0006",
                        "value": [],
                        "value_type_id": "biolink:Attribute",
                        "original_attribute_name": "synonyms",
                        "value_url": null,
                        "attribute_source": null
                    },
                    {
                        "attribute_type_id": "EDAM:data_0006",
                        "value": "Leucovorin",
                        "value_type_id": "biolink:Attribute",
                        "original_attribute_name": "name",
                        "value_url": null,
                        "attribute_source": null
                    },
                    {
                        "attribute_type_id": "EDAM:data_0006",
                        "value": [
                            "MESH:D002955",
                            "UNII:Q573I9DVLP"
                        ],
                        "value_type_id": "biolink:Attribute",
                        "original_attribute_name": "equivalent_identifiers",
                        "value_url": null,
                        "attribute_source": null
                    }
                ],
                "degree": 100
            },
            "MONDO:0004730": {
                "categories": [
                    "biolink:NamedThing",
                    "biolink:BiologicalEntity",
                    "biolink:Disease",
                    "biolink:DiseaseOrPhenotypicFeature"
                ],
                "name": "speech disorder",
                "attributes": [
                    {
                        "attribute_type_id": "EDAM:data_0006",
                        "value": [],
                        "value_type_id": "biolink:Attribute",
                        "original_attribute_name": "synonyms",
                        "value_url": null,
                        "attribute_source": null
                    },
                    {
                        "attribute_type_id": "EDAM:data_0006",
                        "value": "speech disorder",
                        "value_type_id": "biolink:Attribute",
                        "original_attribute_name": "name",
                        "value_url": null,
                        "attribute_source": null
                    },
                    {
                        "attribute_type_id": "EDAM:data_0006",
                        "value": true,
                        "value_type_id": "biolink:Attribute",
                        "original_attribute_name": "psychiatric_disorder",
                        "value_url": null,
                        "attribute_source": null
                    },
                    {
                        "attribute_type_id": "EDAM:data_0006",
                        "value": [
                            "SNOMEDCT:162294008",
                            "UMLS:C4728001",
                            "UMLS:C0023014",
                            "HP:0000750",
                            "SNOMEDCT:16617009",
                            "UMLS:C0233726",
                            "MESH:D013064",
                            "UMLS:C0858567",
                            "HP:0001618",
                            "UMLS:C0860618",
                            "UMLS:C0037822",
                            "UMLS:C1848207",
                            "MESH:D007805",
                            "UMLS:C1527347",
                            "UMLS:C0856983",
                            "UMLS:C0019825",
                            "UMLS:C0454655",
                            "UMLS:C3495145",
                            "MONDO:0004730",
                            "UMLS:C1168248",
                            "UMLS:C0860617",
                            "UMLS:C0454644",
                            "SNOMEDCT:63416000",
                            "UMLS:C0751201",
                            "HP:0002167",
                            "SNOMEDCT:69577009",
                            "MEDDRA:10041466",
                            "UMLS:C3854612",
                            "UMLS:C0858568",
                            "DOID:92",
                            "SNOMEDCT:47004009",
                            "SNOMEDCT:50219008",
                            "UMLS:C4280574",
                            "SNOMEDCT:229751001",
                            "SNOMEDCT:37732008",
                            "SNOMEDCT:449191001",
                            "HP:0002465",
                            "NCIT:C47813",
                            "UMLS:C0751514",
                            "UMLS:C0860619",
                            "UMLS:C0860616",
                            "NCIT:C5041",
                            "UMLS:C0233715",
                            "UMLS:C0542257",
                            "UMLS:C3248383",
                            "UMLS:C0009090",
                            "UMLS:C0751512",
                            "MEDDRA:10013952",
                            "UMLS:C0857508",
                            "MEDDRA:10024796",
                            "UMLS:C1527344",
                            "UMLS:C0023012",
                            "UMLS:C0855216",
                            "UMLS:C0241210",
                            "UMLS:C1854348",
                            "UMLS:C0042940",
                            "UMLS:C0854299",
                            "UMLS:C3854685",
                            "UMLS:C0233728",
                            "SNOMEDCT:29164008",
                            "MEDDRA:10013931",
                            "NCIT:C86950",
                            "UMLS:C0541975",
                            "SNOMEDCT:62415009",
                            "SNOMEDCT:229721007",
                            "UMLS:C0859023",
                            "UMLS:C0751513",
                            "MESH:D006685",
                            "HP:0001609"
                        ],
                        "value_type_id": "biolink:Attribute",
                        "original_attribute_name": "equivalent_identifiers",
                        "value_url": null,
                        "attribute_source": null
                    }
                ],
                "degree": 1504
            }
        },
        "edges": {
            "43a6cf656b89bc721d85820be11dd709": {
                "subject": "NCIT:C157079",
                "object": "MONDO:0005071",
                "predicate": "biolink:treats",
                "relation": null,
                "attributes": [
                    {
                        "attribute_type_id": "EDAM:data_0006",
                        "value": "biolink:treats",
                        "value_type_id": "biolink:Attribute",
                        "original_attribute_name": "predicate_id",
                        "value_url": null,
                        "attribute_source": null
                    },
                    {
                        "attribute_type_id": "EDAM:data_0006",
                        "value": [
                            "therapeutic"
                        ],
                        "value_type_id": "biolink:Attribute",
                        "original_attribute_name": "relation_label",
                        "value_url": null,
                        "attribute_source": null
                    },
                    {
                        "attribute_type_id": "EDAM:data_0006",
                        "value": [
                            "ctd.disease_to_chemical"
                        ],
                        "value_type_id": "biolink:Attribute",
                        "original_attribute_name": "edge_source",
                        "value_url": null,
                        "attribute_source": null
                    },
                    {
                        "attribute_type_id": "EDAM:data_0006",
                        "value": [
                            1593810953.8376
                        ],
                        "value_type_id": "biolink:Attribute",
                        "original_attribute_name": "ctime",
                        "value_url": null,
                        "attribute_source": null
                    },
                    {
                        "attribute_type_id": "EDAM:data_0006",
                        "value": [
                            "ctd"
                        ],
                        "value_type_id": "biolink:Attribute",
                        "original_attribute_name": "source_database",
                        "value_url": null,
                        "attribute_source": null
                    },
                    {
                        "attribute_type_id": "EDAM:data_0006",
                        "value": [
                            "CTD:therapeutic"
                        ],
                        "value_type_id": "biolink:Attribute",
                        "original_attribute_name": "relation",
                        "value_url": null,
                        "attribute_source": null
                    },
                    {
                        "attribute_type_id": "EDAM:data_0971",
                        "value": [
                            "PMID:19736586",
                            "PMID:21310277"
                        ],
                        "value_type_id": "biolink:Attribute",
                        "original_attribute_name": "publications",
                        "value_url": null,
                        "attribute_source": null
                    }
                ]
            },
            "66c663a84b736b941fa28dd0bb9c6d8b": {
                "subject": "MONDO:0004730",
                "object": "MONDO:0005071",
                "predicate": "biolink:subclass_of",
                "relation": null,
                "attributes": [
                    {
                        "attribute_type_id": "EDAM:data_0006",
                        "value": [
                            "subclass of"
                        ],
                        "value_type_id": "biolink:Attribute",
                        "original_attribute_name": "relation_label",
                        "value_url": null,
                        "attribute_source": null
                    },
                    {
                        "attribute_type_id": "EDAM:data_0006",
                        "value": "biolink:subclass_of",
                        "value_type_id": "biolink:Attribute",
                        "original_attribute_name": "predicate_id",
                        "value_url": null,
                        "attribute_source": null
                    },
                    {
                        "attribute_type_id": "EDAM:data_0006",
                        "value": [
                            "uberongraph.term_get_ancestors"
                        ],
                        "value_type_id": "biolink:Attribute",
                        "original_attribute_name": "edge_source",
                        "value_url": null,
                        "attribute_source": null
                    },
                    {
                        "attribute_type_id": "EDAM:data_0006",
                        "value": [
                            1595959326.661524
                        ],
                        "value_type_id": "biolink:Attribute",
                        "original_attribute_name": "ctime",
                        "value_url": null,
                        "attribute_source": null
                    },
                    {
                        "attribute_type_id": "EDAM:data_0006",
                        "value": [
                            "uberongraph"
                        ],
                        "value_type_id": "biolink:Attribute",
                        "original_attribute_name": "source_database",
                        "value_url": null,
                        "attribute_source": null
                    },
                    {
                        "attribute_type_id": "EDAM:data_0971",
                        "value": [],
                        "value_type_id": "biolink:Attribute",
                        "original_attribute_name": "publications",
                        "value_url": null,
                        "attribute_source": null
                    },
                    {
                        "attribute_type_id": "EDAM:data_0006",
                        "value": [
                            "rdfs:subClassOf"
                        ],
                        "value_type_id": "biolink:Attribute",
                        "original_attribute_name": "relation",
                        "value_url": null,
                        "attribute_source": null
                    }
                ]
            }
        }
    },
    "results": [
        {
            "node_bindings": {
                "stop1": [
                    {
                        "id": "MONDO:0005071"
                    }
                ],
                "drug": [
                    {
                        "id": "NCIT:C157079"
                    }
                ],
                "disease": [
                    {
                        "id": "MONDO:0004730"
                    }
                ]
            },
            "edge_bindings": {
                "leg1": [
                    {
                        "id": "43a6cf656b89bc721d85820be11dd709"
                    }
                ],
                "leg2": [
                    {
                        "id": "66c663a84b736b941fa28dd0bb9c6d8b"
                    }
                ]
            }
        }
    ]
}