{
    "query_graph": {
        "nodes": {},
        "edges": {}
    },
    "knowledge_graph": {
        "nodes": {
            "MONDO:0021146": {
                "categories": [
                    "biolink:NamedThing",
                    "biolink:BiologicalEntity",
                    "biolink:Disease",
                    "biolink:DiseaseOrPhenotypicFeature"
                ],
                "name": "headache disorder",
                "attributes": [
                    {
                        "attribute_type_id": "EDAM:data_0006",
                        "value": [
                            "Headache",
                            "Headaches"
                        ],
                        "value_type_id": "biolink:Attribute",
                        "original_attribute_name": "synonyms",
                        "value_url": null,
                        "attribute_source": null
                    },
                    {
                        "attribute_type_id": "EDAM:data_0006",
                        "value": "headache disorder",
                        "value_type_id": "biolink:Attribute",
                        "original_attribute_name": "name",
                        "value_url": null,
                        "attribute_source": null
                    },
                    {
                        "attribute_type_id": "EDAM:data_0006",
                        "value": [
                            "UMLS:C0858248",
                            "UMLS:C1328569",
                            "SNOMEDCT:162301005",
                            "UMLS:C0231613",
                            "UMLS:C0751192",
                            "SNOMEDCT:230461009",
                            "MESH:D020773",
                            "UMLS:C0876980",
                            "UMLS:C0423618",
                            "SNOMEDCT:267096005",
                            "NCIT:C34661",
                            "SNOMEDCT:86925001",
                            "MEDDRA:10019211",
                            "MEDDRA:10060854",
                            "UMLS:C0239888",
                            "EFO:0009550",
                            "UMLS:C0028838",
                            "UMLS:C0744648",
                            "UMLS:C0751189",
                            "UMLS:C0877781",
                            "UMLS:C0474366",
                            "UMLS:C0423622",
                            "UMLS:C0239885",
                            "UMLS:C1868934",
                            "UMLS:C0751187",
                            "UMLS:C0857471",
                            "UMLS:C0393735",
                            "SNOMEDCT:712826000",
                            "UMLS:C0423621",
                            "UMLS:C1168188",
                            "UMLS:C0857361",
                            "UMLS:C0151293",
                            "SNOMEDCT:162308004",
                            "SNOMEDCT:445511002",
                            "SNOMEDCT:41413006",
                            "UMLS:C1262010",
                            "UMLS:C0948396",
                            "SNOMEDCT:712831003",
                            "UMLS:C0751186",
                            "UMLS:C4285864",
                            "UMLS:C0751190",
                            "UMLS:C0858898",
                            "UMLS:C0423623",
                            "SNOMEDCT:330007",
                            "UMLS:C0018681",
                            "MONDO:0021146",
                            "UMLS:C0239886",
                            "UMLS:C0752149",
                            "UMLS:C0857492",
                            "SNOMEDCT:162299003",
                            "MEDDRA:10019231",
                            "SNOMEDCT:25064002",
                            "SNOMEDCT:162304002",
                            "UMLS:C0856864",
                            "HP:0002315",
                            "UMLS:C0752147",
                            "SNOMEDCT:458241000124102",
                            "MESH:D006261"
                        ],
                        "value_type_id": "biolink:Attribute",
                        "original_attribute_name": "equivalent_identifiers",
                        "value_url": null,
                        "attribute_source": null
                    }
                ],
                "degree": 1226
            },
            "PUBCHEM.COMPOUND:6918155": {
                "categories": [
                    "biolink:NamedThing",
                    "biolink:BiologicalEntity",
                    "biolink:ChemicalSubstance",
                    "biolink:MolecularEntity"
                ],
                "name": "Ciclesonide",
                "attributes": [
                    {
                        "attribute_type_id": "EDAM:data_0006",
                        "value": "C32H44O7",
                        "value_type_id": "biolink:Attribute",
                        "original_attribute_name": "molecular_formula",
                        "value_url": null,
                        "attribute_source": null
                    },
                    {
                        "attribute_type_id": "EDAM:data_0006",
                        "value": 1,
                        "value_type_id": "biolink:Attribute",
                        "original_attribute_name": "prodrug",
                        "value_url": null,
                        "attribute_source": null
                    },
                    {
                        "attribute_type_id": "EDAM:data_0006",
                        "value": "Small molecule",
                        "value_type_id": "biolink:Attribute",
                        "original_attribute_name": "molecule_type",
                        "value_url": null,
                        "attribute_source": null
                    },
                    {
                        "attribute_type_id": "EDAM:data_0006",
                        "value": true,
                        "value_type_id": "biolink:Attribute",
                        "original_attribute_name": "topical",
                        "value_url": null,
                        "attribute_source": null
                    },
                    {
                        "attribute_type_id": "EDAM:data_0006",
                        "value": 0.0,
                        "value_type_id": "biolink:Attribute",
                        "original_attribute_name": "charge",
                        "value_url": null,
                        "attribute_source": null
                    },
                    {
                        "attribute_type_id": "EDAM:data_0006",
                        "value": "LUKZNWIVRBCLON-GXOBDPJESA-N",
                        "value_type_id": "biolink:Attribute",
                        "original_attribute_name": "inchikey",
                        "value_url": null,
                        "attribute_source": null
                    },
                    {
                        "attribute_type_id": "EDAM:data_0006",
                        "value": "InChI=1S/C32H44O7/c1-18(2)28(36)37-17-25(35)32-26(38-29(39-32)19-8-6-5-7-9-19)15-23-22-11-10-20-14-21(33)12-13-30(20,3)27(22)24(34)16-31(23,32)4/h12-14,18-19,22-24,26-27,29,34H,5-11,15-17H2,1-4H3/t22-,23-,24-,26+,27+,29+,30-,31-,32+/m0/s1",
                        "value_type_id": "biolink:Attribute",
                        "original_attribute_name": "inchi",
                        "value_url": null,
                        "attribute_source": null
                    },
                    {
                        "attribute_type_id": "EDAM:data_0006",
                        "value": "C(COC(C(C)C)=O)(=O)[C@]12[C@]3(C)[C@@](C[C@]1(O[C@H](O2)C4CCCCC4)[H])([C@]5([C@]([C@H](C3)O)([C@]6(C)C(CC5)=CC(C=C6)=O)[H])[H])[H]",
                        "value_type_id": "biolink:Attribute",
                        "original_attribute_name": "smiles",
                        "value_url": null,
                        "attribute_source": null
                    },
                    {
                        "attribute_type_id": "EDAM:data_0006",
                        "value": [
                            "Adrenal Cortex Hormones",
                            "Adrenals",
                            "Agents to Treat Airway Disease",
                            "Anti-Allergic Agents",
                            "Corticosteroids",
                            "Cytochrome P-450 CYP2D6 Substrates",
                            "Cytochrome P-450 CYP3A Substrates",
                            "Cytochrome P-450 CYP3A4 Substrates",
                            "Cytochrome P-450 Substrates",
                            "Drugs for Obstructive Airway Diseases",
                            "Fused-Ring Compounds",
                            "Glucocorticoids",
                            "Hormones",
                            "Hormones, Hormone Substitutes, and Hormone Antagonists",
                            "Hyperglycemia-Associated Agents",
                            "Immunosuppressive Agents",
                            "Nasal Preparations",
                            "Pregnanes",
                            "Pregnenes",
                            "Steroids",
                            "Thyroxine-binding globulin inhibitors"
                        ],
                        "value_type_id": "biolink:Attribute",
                        "original_attribute_name": "drugbank.categories",
                        "value_url": null,
                        "attribute_source": null
                    },
                    {
                        "attribute_type_id": "EDAM:data_0006",
                        "value": [],
                        "value_type_id": "biolink:Attribute",
                        "original_attribute_name": "synonyms",
                        "value_url": null,
                        "attribute_source": null
                    },
                    {
                        "attribute_type_id": "EDAM:data_0006",
                        "value": 540.689,
                        "value_type_id": "biolink:Attribute",
                        "original_attribute_name": "mass",
                        "value_url": null,
                        "attribute_source": null
                    },
                    {
                        "attribute_type_id": "EDAM:data_0006",
                        "value": "{'alogp': '4.70', 'aromatic_rings': 0, 'cx_logd': '5.32', 'cx_logp': '5.32', 'cx_most_apka': None, 'cx_most_bpka': None, 'full_molformula': 'C32H44O7', 'full_mwt': '540.70', 'hba': 7, 'hba_lipinski': 7, 'hbd': 1, 'hbd_lipinski': 1, 'heavy_atoms': 39, 'molecular_species': 'NEUTRAL', 'mw_freebase': '540.70', 'mw_monoisotopic': '540.3087', 'num_lipinski_ro5_violations': 1, 'num_ro5_violations': 1, 'psa': '99.13', 'qed_weighted': '0.50', 'ro3_pass': 'N', 'rtb': 5}",
                        "value_type_id": "biolink:Attribute",
                        "original_attribute_name": "molecule_properties",
                        "value_url": null,
                        "attribute_source": null
                    },
                    {
                        "attribute_type_id": "EDAM:data_0006",
                        "value": [
                            "INCHIKEY:HRXUBYMASKBDIT-UHFFFAOYSA-N",
                            "UNII:S59502J185",
                            "CHEBI:31397",
                            "CHEMBL.COMPOUND:CHEMBL2040682",
                            "PUBCHEM.COMPOUND:6918155",
                            "gtpo:7469",
                            "DRUGBANK:DB01410",
                            "MESH:C120481"
                        ],
                        "value_type_id": "biolink:Attribute",
                        "original_attribute_name": "equivalent_identifiers",
                        "value_url": null,
                        "attribute_source": null
                    },
                    {
                        "attribute_type_id": "EDAM:data_0006",
                        "value": false,
                        "value_type_id": "biolink:Attribute",
                        "original_attribute_name": "parenteral",
                        "value_url": null,
                        "attribute_source": null
                    },
                    {
                        "attribute_type_id": "EDAM:data_0006",
                        "value": 1,
                        "value_type_id": "biolink:Attribute",
                        "original_attribute_name": "natural_product",
                        "value_url": null,
                        "attribute_source": null
                    },
                    {
                        "attribute_type_id": "EDAM:data_0006",
                        "value": "Ciclesonide",
                        "value_type_id": "biolink:Attribute",
                        "original_attribute_name": "name",
                        "value_url": null,
                        "attribute_source": null
                    },
                    {
                        "attribute_type_id": "EDAM:data_0006",
                        "value": true,
                        "value_type_id": "biolink:Attribute",
                        "original_attribute_name": "drugbank.investigational",
                        "value_url": null,
                        "attribute_source": null
                    },
                    {
                        "attribute_type_id": "EDAM:data_0006",
                        "value": true,
                        "value_type_id": "biolink:Attribute",
                        "original_attribute_name": "therapeutic_flag",
                        "value_url": null,
                        "attribute_source": null
                    },
                    {
                        "attribute_type_id": "EDAM:data_0006",
                        "value": false,
                        "value_type_id": "biolink:Attribute",
                        "original_attribute_name": "withdrawn_flag",
                        "value_url": null,
                        "attribute_source": null
                    },
                    {
                        "attribute_type_id": "EDAM:data_0006",
                        "value": 540.3087,
                        "value_type_id": "biolink:Attribute",
                        "original_attribute_name": "monoisotopic_mass",
                        "value_url": null,
                        "attribute_source": null
                    },
                    {
                        "attribute_type_id": "EDAM:data_0006",
                        "value": true,
                        "value_type_id": "biolink:Attribute",
                        "original_attribute_name": "drugbank.approved",
                        "value_url": null,
                        "attribute_source": null
                    },
                    {
                        "attribute_type_id": "EDAM:data_0006",
                        "value": false,
                        "value_type_id": "biolink:Attribute",
                        "original_attribute_name": "oral",
                        "value_url": null,
                        "attribute_source": null
                    }
                ],
                "degree": 170
            },
            "MONDO:0011786": {
                "categories": [
                    "biolink:NamedThing",
                    "biolink:BiologicalEntity",
                    "biolink:Disease",
                    "biolink:DiseaseOrPhenotypicFeature"
                ],
                "name": "allergic rhinitis",
                "attributes": [
                    {
                        "attribute_type_id": "EDAM:data_0006",
                        "value": [],
                        "value_type_id": "biolink:Attribute",
                        "original_attribute_name": "synonyms",
                        "value_url": null,
                        "attribute_source": null
                    },
                    {
                        "attribute_type_id": "EDAM:data_0006",
                        "value": "allergic rhinitis",
                        "value_type_id": "biolink:Attribute",
                        "original_attribute_name": "name",
                        "value_url": null,
                        "attribute_source": null
                    },
                    {
                        "attribute_type_id": "EDAM:data_0006",
                        "value": [
                            "MONDO:0011786",
                            "MESH:D065631",
                            "OMIM:607154",
                            "DOID:4481",
                            "UMLS:C2607914",
                            "SNOMEDCT:61582004",
                            "HP:0003193",
                            "NCIT:C79532",
                            "UMLS:C0847614",
                            "EFO:0005854"
                        ],
                        "value_type_id": "biolink:Attribute",
                        "original_attribute_name": "equivalent_identifiers",
                        "value_url": null,
                        "attribute_source": null
                    }
                ],
                "degree": 722
            }
        },
        "edges": {
            "e2a6dab014bd17de42e69ccb58a73bc5": {
                "subject": "PUBCHEM.COMPOUND:6918155",
                "object": "MONDO:0021146",
                "predicate": "biolink:causes_adverse_event",
                "relation": null,
                "attributes": [
                    {
                        "attribute_type_id": "EDAM:data_0006",
                        "value": 1.93301,
                        "value_type_id": "biolink:Attribute",
                        "original_attribute_name": "prr",
                        "value_url": null,
                        "attribute_source": null
                    },
                    {
                        "attribute_type_id": "EDAM:data_0006",
                        "value": [
                            "causes_or_contributes_to"
                        ],
                        "value_type_id": "biolink:Attribute",
                        "original_attribute_name": "relation_label",
                        "value_url": null,
                        "attribute_source": null
                    },
                    {
                        "attribute_type_id": "EDAM:data_0006",
                        "value": "biolink:causes_adverse_event",
                        "value_type_id": "biolink:Attribute",
                        "original_attribute_name": "predicate_id",
                        "value_url": null,
                        "attribute_source": null
                    },
                    {
                        "attribute_type_id": "EDAM:data_0006",
                        "value": 1.94823,
                        "value_type_id": "biolink:Attribute",
                        "original_attribute_name": "ror",
                        "value_url": null,
                        "attribute_source": null
                    },
                    {
                        "attribute_type_id": "EDAM:data_0006",
                        "value": 137,
                        "value_type_id": "biolink:Attribute",
                        "original_attribute_name": "case_count",
                        "value_url": null,
                        "attribute_source": null
                    },
                    {
                        "attribute_type_id": "EDAM:data_0006",
                        "value": [
                            "mychem.get_adverse_events"
                        ],
                        "value_type_id": "biolink:Attribute",
                        "original_attribute_name": "edge_source",
                        "value_url": null,
                        "attribute_source": null
                    },
                    {
                        "attribute_type_id": "EDAM:data_0006",
                        "value": [
                            1595084201.5237803
                        ],
                        "value_type_id": "biolink:Attribute",
                        "original_attribute_name": "ctime",
                        "value_url": null,
                        "attribute_source": null
                    },
                    {
                        "attribute_type_id": "EDAM:data_0006",
                        "value": [
                            "mychem"
                        ],
                        "value_type_id": "biolink:Attribute",
                        "original_attribute_name": "source_database",
                        "value_url": null,
                        "attribute_source": null
                    },
                    {
                        "attribute_type_id": "EDAM:data_0006",
                        "value": [
                            "Aeolus:0000001"
                        ],
                        "value_type_id": "biolink:Attribute",
                        "original_attribute_name": "relation",
                        "value_url": null,
                        "attribute_source": null
                    },
                    {
                        "attribute_type_id": "EDAM:data_0971",
                        "value": [],
                        "value_type_id": "biolink:Attribute",
                        "original_attribute_name": "publications",
                        "value_url": null,
                        "attribute_source": null
                    }
                ]
            },
            "ded4fb4c37b602a86e94113f293f1d96": {
                "subject": "MONDO:0011786",
                "object": "MONDO:0021146",
                "predicate": "biolink:has_phenotype",
                "relation": null,
                "attributes": [
                    {
                        "attribute_type_id": "EDAM:data_0006",
                        "value": [
                            "PRESENTS_DpS"
                        ],
                        "value_type_id": "biolink:Attribute",
                        "original_attribute_name": "relation_label",
                        "value_url": null,
                        "attribute_source": null
                    },
                    {
                        "attribute_type_id": "EDAM:data_0006",
                        "value": "biolink:has_phenotype",
                        "value_type_id": "biolink:Attribute",
                        "original_attribute_name": "predicate_id",
                        "value_url": null,
                        "attribute_source": null
                    },
                    {
                        "attribute_type_id": "EDAM:data_0006",
                        "value": [
                            "hetio.disease_to_phenotype"
                        ],
                        "value_type_id": "biolink:Attribute",
                        "original_attribute_name": "edge_source",
                        "value_url": null,
                        "attribute_source": null
                    },
                    {
                        "attribute_type_id": "EDAM:data_0006",
                        "value": [
                            1595080048.349687
                        ],
                        "value_type_id": "biolink:Attribute",
                        "original_attribute_name": "ctime",
                        "value_url": null,
                        "attribute_source": null
                    },
                    {
                        "attribute_type_id": "EDAM:data_0006",
                        "value": [
                            "hetio"
                        ],
                        "value_type_id": "biolink:Attribute",
                        "original_attribute_name": "source_database",
                        "value_url": null,
                        "attribute_source": null
                    },
                    {
                        "attribute_type_id": "EDAM:data_0971",
                        "value": [],
                        "value_type_id": "biolink:Attribute",
                        "original_attribute_name": "publications",
                        "value_url": null,
                        "attribute_source": null
                    },
                    {
                        "attribute_type_id": "EDAM:data_0006",
                        "value": [
                            "hetio:PRESENTS_DpS"
                        ],
                        "value_type_id": "biolink:Attribute",
                        "original_attribute_name": "relation",
                        "value_url": null,
                        "attribute_source": null
                    }
                ]
            }
        }
    },
    "results": [
        {
            "node_bindings": {
                "stop1": [
                    {
                        "id": "MONDO:0021146"
                    }
                ],
                "drug": [
                    {
                        "id": "PUBCHEM.COMPOUND:6918155"
                    }
                ],
                "disease": [
                    {
                        "id": "MONDO:0011786"
                    }
                ]
            },
            "edge_bindings": {
                "leg1": [
                    {
                        "id": "e2a6dab014bd17de42e69ccb58a73bc5"
                    }
                ],
                "leg2": [
                    {
                        "id": "ded4fb4c37b602a86e94113f293f1d96"
                    }
                ]
            }
        }
    ]
}