{
    "query_graph": {
        "nodes": {},
        "edges": {}
    },
    "knowledge_graph": {
        "nodes": {
            "MONDO:0004995": {
                "categories": [
                    "biolink:NamedThing",
                    "biolink:BiologicalEntity",
                    "biolink:Disease",
                    "biolink:DiseaseOrPhenotypicFeature"
                ],
                "name": "cardiovascular disease",
                "attributes": [
                    {
                        "attribute_type_id": "EDAM:data_0006",
                        "value": [],
                        "value_type_id": "biolink:Attribute",
                        "original_attribute_name": "synonyms",
                        "value_url": null,
                        "attribute_source": null
                    },
                    {
                        "attribute_type_id": "EDAM:data_0006",
                        "value": "cardiovascular disease",
                        "value_type_id": "biolink:Attribute",
                        "original_attribute_name": "name",
                        "value_url": null,
                        "attribute_source": null
                    },
                    {
                        "attribute_type_id": "EDAM:data_0006",
                        "value": [
                            "UMLS:C0728936",
                            "DOID:1287",
                            "MESH:D018376",
                            "MONDO:0004995",
                            "UMLS:C0243050",
                            "MEDDRA:10007649",
                            "NCIT:C2931",
                            "UMLS:C0859057",
                            "UMLS:C0859056",
                            "MESH:D002318",
                            "SNOMEDCT:49601007",
                            "HP:0001626",
                            "UMLS:C0007222",
                            "UMLS:C0549406"
                        ],
                        "value_type_id": "biolink:Attribute",
                        "original_attribute_name": "equivalent_identifiers",
                        "value_url": null,
                        "attribute_source": null
                    }
                ]
            },
            "PUBCHEM.COMPOUND:40466887": {
                "categories": [
                    "biolink:NamedThing",
                    "biolink:BiologicalEntity",
                    "biolink:ChemicalSubstance",
                    "biolink:MolecularEntity"
                ],
                "name": "benazepril",
                "attributes": [
                    {
                        "attribute_type_id": "EDAM:data_0006",
                        "value": 1,
                        "value_type_id": "biolink:Attribute",
                        "original_attribute_name": "prodrug",
                        "value_url": null,
                        "attribute_source": null
                    },
                    {
                        "attribute_type_id": "EDAM:data_0006",
                        "value": true,
                        "value_type_id": "biolink:Attribute",
                        "original_attribute_name": "pharmaceutical",
                        "value_url": null,
                        "attribute_source": null
                    },
                    {
                        "attribute_type_id": "EDAM:data_0006",
                        "value": "Small molecule",
                        "value_type_id": "biolink:Attribute",
                        "original_attribute_name": "molecule_type",
                        "value_url": null,
                        "attribute_source": null
                    },
                    {
                        "attribute_type_id": "EDAM:data_0006",
                        "value": false,
                        "value_type_id": "biolink:Attribute",
                        "original_attribute_name": "topical",
                        "value_url": null,
                        "attribute_source": null
                    },
                    {
                        "attribute_type_id": "EDAM:data_0006",
                        "value": true,
                        "value_type_id": "biolink:Attribute",
                        "original_attribute_name": "antihypertensive_agent",
                        "value_url": null,
                        "attribute_source": null
                    },
                    {
                        "attribute_type_id": "EDAM:data_0006",
                        "value": true,
                        "value_type_id": "biolink:Attribute",
                        "original_attribute_name": "role",
                        "value_url": null,
                        "attribute_source": null
                    },
                    {
                        "attribute_type_id": "EDAM:data_0006",
                        "value": "APRD00063",
                        "value_type_id": "biolink:Attribute",
                        "original_attribute_name": "drugbank.accession_number",
                        "value_url": null,
                        "attribute_source": null
                    },
                    {
                        "attribute_type_id": "EDAM:data_0006",
                        "value": [
                            "424.4895"
                        ],
                        "value_type_id": "biolink:Attribute",
                        "original_attribute_name": "molecular_weight",
                        "value_url": null,
                        "attribute_source": null
                    },
                    {
                        "attribute_type_id": "EDAM:data_0006",
                        "value": "{'alogp': '2.57', 'aromatic_rings': 2, 'cx_logd': '0.07', 'cx_logp': '1.54', 'cx_most_apka': '3.53', 'cx_most_bpka': '5.36', 'full_molformula': 'C24H28N2O5', 'full_mwt': '424.50', 'hba': 5, 'hba_lipinski': 7, 'hbd': 2, 'hbd_lipinski': 2, 'heavy_atoms': 31, 'molecular_species': 'ACID', 'mw_freebase': '424.50', 'mw_monoisotopic': '424.1998', 'num_lipinski_ro5_violations': 0, 'num_ro5_violations': 0, 'psa': '95.94', 'qed_weighted': '0.60', 'ro3_pass': 'N', 'rtb': 9}",
                        "value_type_id": "biolink:Attribute",
                        "original_attribute_name": "molecule_properties",
                        "value_url": null,
                        "attribute_source": null
                    },
                    {
                        "attribute_type_id": "EDAM:data_0006",
                        "value": true,
                        "value_type_id": "biolink:Attribute",
                        "original_attribute_name": "biochemical_role",
                        "value_url": null,
                        "attribute_source": null
                    },
                    {
                        "attribute_type_id": "EDAM:data_0006",
                        "value": true,
                        "value_type_id": "biolink:Attribute",
                        "original_attribute_name": "drug",
                        "value_url": null,
                        "attribute_source": null
                    },
                    {
                        "attribute_type_id": "EDAM:data_0006",
                        "value": true,
                        "value_type_id": "biolink:Attribute",
                        "original_attribute_name": "acid",
                        "value_url": null,
                        "attribute_source": null
                    },
                    {
                        "attribute_type_id": "EDAM:data_0006",
                        "value": 0,
                        "value_type_id": "biolink:Attribute",
                        "original_attribute_name": "natural_product",
                        "value_url": null,
                        "attribute_source": null
                    },
                    {
                        "attribute_type_id": "EDAM:data_0006",
                        "value": true,
                        "value_type_id": "biolink:Attribute",
                        "original_attribute_name": "donor",
                        "value_url": null,
                        "attribute_source": null
                    },
                    {
                        "attribute_type_id": "EDAM:data_0006",
                        "value": true,
                        "value_type_id": "biolink:Attribute",
                        "original_attribute_name": "inhibitor",
                        "value_url": null,
                        "attribute_source": null
                    },
                    {
                        "attribute_type_id": "EDAM:data_0006",
                        "value": true,
                        "value_type_id": "biolink:Attribute",
                        "original_attribute_name": "cardiovascular_drug",
                        "value_url": null,
                        "attribute_source": null
                    },
                    {
                        "attribute_type_id": "EDAM:data_0006",
                        "value": true,
                        "value_type_id": "biolink:Attribute",
                        "original_attribute_name": "pro_agent",
                        "value_url": null,
                        "attribute_source": null
                    },
                    {
                        "attribute_type_id": "EDAM:data_0006",
                        "value": [
                            "C24H28N2O5"
                        ],
                        "value_type_id": "biolink:Attribute",
                        "original_attribute_name": "molecular_formula",
                        "value_url": null,
                        "attribute_source": null
                    },
                    {
                        "attribute_type_id": "EDAM:data_0006",
                        "value": [
                            "ACE Inhibitors and Diuretics",
                            "Agents Acting on the Renin-Angiotensin System",
                            "Agents causing angioedema",
                            "Agents causing hyperkalemia",
                            "Angiotensin-Converting Enzyme Inhibitors",
                            "Antihypertensive Agents",
                            "Cardiovascular Agents",
                            "Decreased Blood Pressure",
                            "Enzyme Inhibitors",
                            "Heterocyclic Compounds, Fused-Ring",
                            "Hypotensive Agents",
                            "Protease Inhibitors"
                        ],
                        "value_type_id": "biolink:Attribute",
                        "original_attribute_name": "drugbank.categories",
                        "value_url": null,
                        "attribute_source": null
                    },
                    {
                        "attribute_type_id": "EDAM:data_0006",
                        "value": [],
                        "value_type_id": "biolink:Attribute",
                        "original_attribute_name": "synonyms",
                        "value_url": null,
                        "attribute_source": null
                    },
                    {
                        "attribute_type_id": "EDAM:data_0006",
                        "value": true,
                        "value_type_id": "biolink:Attribute",
                        "original_attribute_name": "EC_3.*_(hydrolase)_inhibitor",
                        "value_url": null,
                        "attribute_source": null
                    },
                    {
                        "attribute_type_id": "EDAM:data_0006",
                        "value": true,
                        "value_type_id": "biolink:Attribute",
                        "original_attribute_name": "Bronsted_acid",
                        "value_url": null,
                        "attribute_source": null
                    },
                    {
                        "attribute_type_id": "EDAM:data_0006",
                        "value": true,
                        "value_type_id": "biolink:Attribute",
                        "original_attribute_name": "EC_3.4.15.1_(peptidyl_dipeptidase_A)_inhibitor",
                        "value_url": null,
                        "attribute_source": null
                    },
                    {
                        "attribute_type_id": "EDAM:data_0006",
                        "value": [
                            "HMDB:HMDB0014682",
                            "CHEBI:3011",
                            "KEGG:C06843",
                            "gtpo:6374",
                            "INCHIKEY:FYFPUCQHJNRILA-QDRCGZQASA-N",
                            "DRUGBANK:DB00542",
                            "UNII:UDM7Q7QWP8",
                            "PUBCHEM.COMPOUND:40466887",
                            "CHEMBL.COMPOUND:CHEMBL838",
                            "PUBCHEM.COMPOUND:5362124",
                            "MESH:C044946"
                        ],
                        "value_type_id": "biolink:Attribute",
                        "original_attribute_name": "equivalent_identifiers",
                        "value_url": null,
                        "attribute_source": null
                    },
                    {
                        "attribute_type_id": "EDAM:data_0006",
                        "value": false,
                        "value_type_id": "biolink:Attribute",
                        "original_attribute_name": "parenteral",
                        "value_url": null,
                        "attribute_source": null
                    },
                    {
                        "attribute_type_id": "EDAM:data_0006",
                        "value": true,
                        "value_type_id": "biolink:Attribute",
                        "original_attribute_name": "application",
                        "value_url": null,
                        "attribute_source": null
                    },
                    {
                        "attribute_type_id": "EDAM:data_0006",
                        "value": true,
                        "value_type_id": "biolink:Attribute",
                        "original_attribute_name": "chemical_role",
                        "value_url": null,
                        "attribute_source": null
                    },
                    {
                        "attribute_type_id": "EDAM:data_0006",
                        "value": true,
                        "value_type_id": "biolink:Attribute",
                        "original_attribute_name": "EC_3.4.*_(hydrolases_acting_on_peptide_bond)_inhibitor",
                        "value_url": null,
                        "attribute_source": null
                    },
                    {
                        "attribute_type_id": "EDAM:data_0006",
                        "value": "benazepril",
                        "value_type_id": "biolink:Attribute",
                        "original_attribute_name": "name",
                        "value_url": null,
                        "attribute_source": null
                    },
                    {
                        "attribute_type_id": "EDAM:data_0006",
                        "value": true,
                        "value_type_id": "biolink:Attribute",
                        "original_attribute_name": "drugbank.investigational",
                        "value_url": null,
                        "attribute_source": null
                    },
                    {
                        "attribute_type_id": "EDAM:data_0006",
                        "value": true,
                        "value_type_id": "biolink:Attribute",
                        "original_attribute_name": "therapeutic_flag",
                        "value_url": null,
                        "attribute_source": null
                    },
                    {
                        "attribute_type_id": "EDAM:data_0006",
                        "value": false,
                        "value_type_id": "biolink:Attribute",
                        "original_attribute_name": "withdrawn_flag",
                        "value_url": null,
                        "attribute_source": null
                    },
                    {
                        "attribute_type_id": "EDAM:data_0006",
                        "value": true,
                        "value_type_id": "biolink:Attribute",
                        "original_attribute_name": "enzyme_inhibitor",
                        "value_url": null,
                        "attribute_source": null
                    },
                    {
                        "attribute_type_id": "EDAM:data_0006",
                        "value": true,
                        "value_type_id": "biolink:Attribute",
                        "original_attribute_name": "drugbank.approved",
                        "value_url": null,
                        "attribute_source": null
                    },
                    {
                        "attribute_type_id": "EDAM:data_0006",
                        "value": true,
                        "value_type_id": "biolink:Attribute",
                        "original_attribute_name": "oral",
                        "value_url": null,
                        "attribute_source": null
                    },
                    {
                        "attribute_type_id": "EDAM:data_0006",
                        "value": true,
                        "value_type_id": "biolink:Attribute",
                        "original_attribute_name": "EC_3.4.15.*_(peptidyl_dipeptidase)_inhibitor",
                        "value_url": null,
                        "attribute_source": null
                    },
                    {
                        "attribute_type_id": "EDAM:data_0006",
                        "value": true,
                        "value_type_id": "biolink:Attribute",
                        "original_attribute_name": "biological_role",
                        "value_url": null,
                        "attribute_source": null
                    }
                ]
            },
            "MONDO:0006947": {
                "categories": [
                    "biolink:NamedThing",
                    "biolink:BiologicalEntity",
                    "biolink:Disease",
                    "biolink:DiseaseOrPhenotypicFeature"
                ],
                "name": "renovascular hypertension (disease)",
                "attributes": [
                    {
                        "attribute_type_id": "EDAM:data_0006",
                        "value": [],
                        "value_type_id": "biolink:Attribute",
                        "original_attribute_name": "synonyms",
                        "value_url": null,
                        "attribute_source": null
                    },
                    {
                        "attribute_type_id": "EDAM:data_0006",
                        "value": "renovascular hypertension (disease)",
                        "value_type_id": "biolink:Attribute",
                        "original_attribute_name": "name",
                        "value_url": null,
                        "attribute_source": null
                    },
                    {
                        "attribute_type_id": "EDAM:data_0006",
                        "value": [
                            "DOID:1591",
                            "UMLS:C0020545",
                            "MESH:D006978",
                            "SNOMEDCT:123799005",
                            "EFO:1001153",
                            "HP:0100817",
                            "NCIT:C85044",
                            "MONDO:0006947"
                        ],
                        "value_type_id": "biolink:Attribute",
                        "original_attribute_name": "equivalent_identifiers",
                        "value_url": null,
                        "attribute_source": null
                    }
                ]
            }
        },
        "edges": {
            "de5f06e44383f3955d4405af1ee957cf": {
                "subject": "PUBCHEM.COMPOUND:40466887",
                "object": "MONDO:0004995",
                "predicate": "biolink:causes_adverse_event",
                "relation": null,
                "attributes": [
                    {
                        "attribute_type_id": "EDAM:data_0006",
                        "value": 1.47641,
                        "value_type_id": "biolink:Attribute",
                        "original_attribute_name": "prr",
                        "value_url": null,
                        "attribute_source": null
                    },
                    {
                        "attribute_type_id": "EDAM:data_0006",
                        "value": [
                            "causes_or_contributes_to"
                        ],
                        "value_type_id": "biolink:Attribute",
                        "original_attribute_name": "relation_label",
                        "value_url": null,
                        "attribute_source": null
                    },
                    {
                        "attribute_type_id": "EDAM:data_0006",
                        "value": "biolink:causes_adverse_event",
                        "value_type_id": "biolink:Attribute",
                        "original_attribute_name": "predicate_id",
                        "value_url": null,
                        "attribute_source": null
                    },
                    {
                        "attribute_type_id": "EDAM:data_0006",
                        "value": 1.4768299999999999,
                        "value_type_id": "biolink:Attribute",
                        "original_attribute_name": "ror",
                        "value_url": null,
                        "attribute_source": null
                    },
                    {
                        "attribute_type_id": "EDAM:data_0006",
                        "value": 62,
                        "value_type_id": "biolink:Attribute",
                        "original_attribute_name": "case_count",
                        "value_url": null,
                        "attribute_source": null
                    },
                    {
                        "attribute_type_id": "EDAM:data_0006",
                        "value": [
                            "mychem.get_adverse_events"
                        ],
                        "value_type_id": "biolink:Attribute",
                        "original_attribute_name": "edge_source",
                        "value_url": null,
                        "attribute_source": null
                    },
                    {
                        "attribute_type_id": "EDAM:data_0006",
                        "value": [
                            1595082353.4955032
                        ],
                        "value_type_id": "biolink:Attribute",
                        "original_attribute_name": "ctime",
                        "value_url": null,
                        "attribute_source": null
                    },
                    {
                        "attribute_type_id": "EDAM:data_0006",
                        "value": [
                            "mychem"
                        ],
                        "value_type_id": "biolink:Attribute",
                        "original_attribute_name": "source_database",
                        "value_url": null,
                        "attribute_source": null
                    },
                    {
                        "attribute_type_id": "EDAM:data_0006",
                        "value": [
                            "Aeolus:0000001"
                        ],
                        "value_type_id": "biolink:Attribute",
                        "original_attribute_name": "relation",
                        "value_url": null,
                        "attribute_source": null
                    },
                    {
                        "attribute_type_id": "EDAM:data_0971",
                        "value": [],
                        "value_type_id": "biolink:Attribute",
                        "original_attribute_name": "publications",
                        "value_url": null,
                        "attribute_source": null
                    }
                ]
            },
            "e9d348cc67914fffbf85764068aed711": {
                "subject": "MONDO:0006947",
                "object": "MONDO:0004995",
                "predicate": "biolink:subclass_of",
                "relation": null,
                "attributes": [
                    {
                        "attribute_type_id": "EDAM:data_0006",
                        "value": [
                            "subclass of"
                        ],
                        "value_type_id": "biolink:Attribute",
                        "original_attribute_name": "relation_label",
                        "value_url": null,
                        "attribute_source": null
                    },
                    {
                        "attribute_type_id": "EDAM:data_0006",
                        "value": "biolink:subclass_of",
                        "value_type_id": "biolink:Attribute",
                        "original_attribute_name": "predicate_id",
                        "value_url": null,
                        "attribute_source": null
                    },
                    {
                        "attribute_type_id": "EDAM:data_0006",
                        "value": [
                            "uberongraph.term_get_ancestors"
                        ],
                        "value_type_id": "biolink:Attribute",
                        "original_attribute_name": "edge_source",
                        "value_url": null,
                        "attribute_source": null
                    },
                    {
                        "attribute_type_id": "EDAM:data_0006",
                        "value": [
                            1595959323.080093
                        ],
                        "value_type_id": "biolink:Attribute",
                        "original_attribute_name": "ctime",
                        "value_url": null,
                        "attribute_source": null
                    },
                    {
                        "attribute_type_id": "EDAM:data_0006",
                        "value": [
                            "uberongraph"
                        ],
                        "value_type_id": "biolink:Attribute",
                        "original_attribute_name": "source_database",
                        "value_url": null,
                        "attribute_source": null
                    },
                    {
                        "attribute_type_id": "EDAM:data_0971",
                        "value": [],
                        "value_type_id": "biolink:Attribute",
                        "original_attribute_name": "publications",
                        "value_url": null,
                        "attribute_source": null
                    },
                    {
                        "attribute_type_id": "EDAM:data_0006",
                        "value": [
                            "rdfs:subClassOf"
                        ],
                        "value_type_id": "biolink:Attribute",
                        "original_attribute_name": "relation",
                        "value_url": null,
                        "attribute_source": null
                    }
                ]
            }
        }
    },
    "results": [
        {
            "node_bindings": {
                "stop1": [
                    {
                        "id": "MONDO:0004995"
                    }
                ],
                "drug": [
                    {
                        "id": "PUBCHEM.COMPOUND:40466887"
                    }
                ],
                "disease": [
                    {
                        "id": "MONDO:0006947"
                    }
                ]
            },
            "edge_bindings": {
                "leg1": [
                    {
                        "id": "de5f06e44383f3955d4405af1ee957cf"
                    }
                ],
                "leg2": [
                    {
                        "id": "e9d348cc67914fffbf85764068aed711"
                    }
                ]
            }
        }
    ]
}