{
    "query_graph": {
        "nodes": {},
        "edges": {}
    },
    "knowledge_graph": {
        "nodes": {
            "NCBIGene:6532": {
                "categories": [
                    "biolink:NamedThing",
                    "biolink:BiologicalEntity",
                    "biolink:MolecularEntity",
                    "biolink:Gene",
                    "biolink:GeneOrGeneProduct",
                    "biolink:MacromolecularMachine",
                    "biolink:GenomicEntity"
                ],
                "name": "SLC6A4",
                "attributes": [
                    {
                        "attribute_type_id": "EDAM:data_0006",
                        "value": 30194319,
                        "value_type_id": "biolink:Attribute",
                        "original_attribute_name": "start_position",
                        "value_url": null,
                        "attribute_source": null
                    },
                    {
                        "attribute_type_id": "EDAM:data_0006",
                        "value": "protein-coding gene",
                        "value_type_id": "biolink:Attribute",
                        "original_attribute_name": "locus_group",
                        "value_url": null,
                        "attribute_source": null
                    },
                    {
                        "attribute_type_id": "EDAM:data_0006",
                        "value": [],
                        "value_type_id": "biolink:Attribute",
                        "original_attribute_name": "synonyms",
                        "value_url": null,
                        "attribute_source": null
                    },
                    {
                        "attribute_type_id": "EDAM:data_0006",
                        "value": "17",
                        "value_type_id": "biolink:Attribute",
                        "original_attribute_name": "chromosome",
                        "value_url": null,
                        "attribute_source": null
                    },
                    {
                        "attribute_type_id": "EDAM:data_0006",
                        "value": "solute carrier family 6 member 4 [Source:HGNC Symbol;Acc:HGNC:11050]",
                        "value_type_id": "biolink:Attribute",
                        "original_attribute_name": "description",
                        "value_url": null,
                        "attribute_source": null
                    },
                    {
                        "attribute_type_id": "EDAM:data_0006",
                        "value": [
                            "Solute carriers"
                        ],
                        "value_type_id": "biolink:Attribute",
                        "original_attribute_name": "gene_family",
                        "value_url": null,
                        "attribute_source": null
                    },
                    {
                        "attribute_type_id": "EDAM:data_0006",
                        "value": "protein_coding",
                        "value_type_id": "biolink:Attribute",
                        "original_attribute_name": "gene_biotype",
                        "value_url": null,
                        "attribute_source": null
                    },
                    {
                        "attribute_type_id": "EDAM:data_0006",
                        "value": 30236002,
                        "value_type_id": "biolink:Attribute",
                        "original_attribute_name": "end_position",
                        "value_url": null,
                        "attribute_source": null
                    },
                    {
                        "attribute_type_id": "EDAM:data_0006",
                        "value": [
                            "NCBIGene:6532",
                            "UniProtKB:P31645",
                            "HGNC:11050",
                            "ENSEMBL:ENSG00000108576",
                            "NCBIGene:6532"
                        ],
                        "value_type_id": "biolink:Attribute",
                        "original_attribute_name": "equivalent_identifiers",
                        "value_url": null,
                        "attribute_source": null
                    },
                    {
                        "attribute_type_id": "EDAM:data_0006",
                        "value": "SLC6A4",
                        "value_type_id": "biolink:Attribute",
                        "original_attribute_name": "name",
                        "value_url": null,
                        "attribute_source": null
                    },
                    {
                        "attribute_type_id": "EDAM:data_0006",
                        "value": 9606,
                        "value_type_id": "biolink:Attribute",
                        "original_attribute_name": "taxon",
                        "value_url": null,
                        "attribute_source": null
                    },
                    {
                        "attribute_type_id": "EDAM:data_0006",
                        "value": "17q11.2",
                        "value_type_id": "biolink:Attribute",
                        "original_attribute_name": "location",
                        "value_url": null,
                        "attribute_source": null
                    },
                    {
                        "attribute_type_id": "EDAM:data_0006",
                        "value": "SLC6A4",
                        "value_type_id": "biolink:Attribute",
                        "original_attribute_name": "ensembl_name",
                        "value_url": null,
                        "attribute_source": null
                    },
                    {
                        "attribute_type_id": "EDAM:data_0006",
                        "value": [
                            752
                        ],
                        "value_type_id": "biolink:Attribute",
                        "original_attribute_name": "gene_family_id",
                        "value_url": null,
                        "attribute_source": null
                    }
                ],
                "degree": 8117
            },
            "PUBCHEM.COMPOUND:6918314": {
                "categories": [
                    "biolink:NamedThing",
                    "biolink:BiologicalEntity",
                    "biolink:ChemicalSubstance",
                    "biolink:MolecularEntity"
                ],
                "name": "vilazodone",
                "attributes": [
                    {
                        "attribute_type_id": "EDAM:data_0006",
                        "value": 0,
                        "value_type_id": "biolink:Attribute",
                        "original_attribute_name": "prodrug",
                        "value_url": null,
                        "attribute_source": null
                    },
                    {
                        "attribute_type_id": "EDAM:data_0006",
                        "value": false,
                        "value_type_id": "biolink:Attribute",
                        "original_attribute_name": "topical",
                        "value_url": null,
                        "attribute_source": null
                    },
                    {
                        "attribute_type_id": "EDAM:data_0006",
                        "value": "Small molecule",
                        "value_type_id": "biolink:Attribute",
                        "original_attribute_name": "molecule_type",
                        "value_url": null,
                        "attribute_source": null
                    },
                    {
                        "attribute_type_id": "EDAM:data_0006",
                        "value": true,
                        "value_type_id": "biolink:Attribute",
                        "original_attribute_name": "pharmaceutical",
                        "value_url": null,
                        "attribute_source": null
                    },
                    {
                        "attribute_type_id": "EDAM:data_0006",
                        "value": true,
                        "value_type_id": "biolink:Attribute",
                        "original_attribute_name": "role",
                        "value_url": null,
                        "attribute_source": null
                    },
                    {
                        "attribute_type_id": "EDAM:data_0006",
                        "value": true,
                        "value_type_id": "biolink:Attribute",
                        "original_attribute_name": "Bronsted_base",
                        "value_url": null,
                        "attribute_source": null
                    },
                    {
                        "attribute_type_id": "EDAM:data_0006",
                        "value": "{'alogp': '4.03', 'aromatic_rings': 4, 'cx_logd': '2.49', 'cx_logp': '3.72', 'cx_most_apka': None, 'cx_most_bpka': '8.60', 'full_molformula': 'C26H27N5O2', 'full_mwt': '441.54', 'hba': 5, 'hba_lipinski': 7, 'hbd': 2, 'hbd_lipinski': 3, 'heavy_atoms': 33, 'molecular_species': 'BASE', 'mw_freebase': '441.54', 'mw_monoisotopic': '441.2165', 'num_lipinski_ro5_violations': 0, 'num_ro5_violations': 0, 'psa': '102.29', 'qed_weighted': '0.42', 'ro3_pass': 'N', 'rtb': 7}",
                        "value_type_id": "biolink:Attribute",
                        "original_attribute_name": "molecule_properties",
                        "value_url": null,
                        "attribute_source": null
                    },
                    {
                        "attribute_type_id": "EDAM:data_0006",
                        "value": true,
                        "value_type_id": "biolink:Attribute",
                        "original_attribute_name": "drug",
                        "value_url": null,
                        "attribute_source": null
                    },
                    {
                        "attribute_type_id": "EDAM:data_0006",
                        "value": 0,
                        "value_type_id": "biolink:Attribute",
                        "original_attribute_name": "natural_product",
                        "value_url": null,
                        "attribute_source": null
                    },
                    {
                        "attribute_type_id": "EDAM:data_0006",
                        "value": true,
                        "value_type_id": "biolink:Attribute",
                        "original_attribute_name": "central_nervous_system_drug",
                        "value_url": null,
                        "attribute_source": null
                    },
                    {
                        "attribute_type_id": "EDAM:data_0006",
                        "value": true,
                        "value_type_id": "biolink:Attribute",
                        "original_attribute_name": "serotonergic_drug",
                        "value_url": null,
                        "attribute_source": null
                    },
                    {
                        "attribute_type_id": "EDAM:data_0006",
                        "value": true,
                        "value_type_id": "biolink:Attribute",
                        "original_attribute_name": "pharmacological_role",
                        "value_url": null,
                        "attribute_source": null
                    },
                    {
                        "attribute_type_id": "EDAM:data_0006",
                        "value": true,
                        "value_type_id": "biolink:Attribute",
                        "original_attribute_name": "acceptor",
                        "value_url": null,
                        "attribute_source": null
                    },
                    {
                        "attribute_type_id": "EDAM:data_0006",
                        "value": [
                            "Agents that produce hypertension",
                            "Antidepressive Agents",
                            "Benzofurans",
                            "Central Nervous System Agents",
                            "Central Nervous System Depressants",
                            "Cytochrome P-450 CYP2C19 Substrates",
                            "Cytochrome P-450 CYP2D6 Inhibitors",
                            "Cytochrome P-450 CYP2D6 Inhibitors (moderate)",
                            "Cytochrome P-450 CYP2D6 Substrates",
                            "Cytochrome P-450 CYP3A Substrates",
                            "Cytochrome P-450 CYP3A4 Substrates",
                            "Cytochrome P-450 Enzyme Inhibitors",
                            "Cytochrome P-450 Substrates",
                            "Heterocyclic Compounds, Fused-Ring",
                            "Indoles",
                            "Membrane Transport Modulators",
                            "Nervous System",
                            "Neurotransmitter Agents",
                            "Neurotransmitter Uptake Inhibitors",
                            "Piperazines",
                            "Psychoanaleptics",
                            "Psychotropic Drugs",
                            "Serotonergic Drugs Shown to Increase Risk of Serotonin Syndrome",
                            "Serotonin 5-HT1 Receptor Agonists",
                            "Serotonin Agents",
                            "Serotonin Modulators",
                            "Serotonin Receptor Agonists"
                        ],
                        "value_type_id": "biolink:Attribute",
                        "original_attribute_name": "drugbank.categories",
                        "value_url": null,
                        "attribute_source": null
                    },
                    {
                        "attribute_type_id": "EDAM:data_0006",
                        "value": [],
                        "value_type_id": "biolink:Attribute",
                        "original_attribute_name": "synonyms",
                        "value_url": null,
                        "attribute_source": null
                    },
                    {
                        "attribute_type_id": "EDAM:data_0006",
                        "value": true,
                        "value_type_id": "biolink:Attribute",
                        "original_attribute_name": "neurotransmitter_agent",
                        "value_url": null,
                        "attribute_source": null
                    },
                    {
                        "attribute_type_id": "EDAM:data_0006",
                        "value": true,
                        "value_type_id": "biolink:Attribute",
                        "original_attribute_name": "antidepressant",
                        "value_url": null,
                        "attribute_source": null
                    },
                    {
                        "attribute_type_id": "EDAM:data_0006",
                        "value": true,
                        "value_type_id": "biolink:Attribute",
                        "original_attribute_name": "serotonergic_agonist",
                        "value_url": null,
                        "attribute_source": null
                    },
                    {
                        "attribute_type_id": "EDAM:data_0006",
                        "value": [
                            "CHEMBL.COMPOUND:CHEMBL439849",
                            "gtpo:7427",
                            "INCHIKEY:VGSAURUBNJSRDU-UHFFFAOYSA-N",
                            "DRUGBANK:DB06684",
                            "HMDB:HMDB0015637",
                            "UNII:S239O2OOV3",
                            "CHEBI:70707",
                            "PUBCHEM.COMPOUND:6918314",
                            "MESH:C494040"
                        ],
                        "value_type_id": "biolink:Attribute",
                        "original_attribute_name": "equivalent_identifiers",
                        "value_url": null,
                        "attribute_source": null
                    },
                    {
                        "attribute_type_id": "EDAM:data_0006",
                        "value": false,
                        "value_type_id": "biolink:Attribute",
                        "original_attribute_name": "parenteral",
                        "value_url": null,
                        "attribute_source": null
                    },
                    {
                        "attribute_type_id": "EDAM:data_0006",
                        "value": true,
                        "value_type_id": "biolink:Attribute",
                        "original_attribute_name": "psychotropic_drug",
                        "value_url": null,
                        "attribute_source": null
                    },
                    {
                        "attribute_type_id": "EDAM:data_0006",
                        "value": true,
                        "value_type_id": "biolink:Attribute",
                        "original_attribute_name": "application",
                        "value_url": null,
                        "attribute_source": null
                    },
                    {
                        "attribute_type_id": "EDAM:data_0006",
                        "value": true,
                        "value_type_id": "biolink:Attribute",
                        "original_attribute_name": "chemical_role",
                        "value_url": null,
                        "attribute_source": null
                    },
                    {
                        "attribute_type_id": "EDAM:data_0006",
                        "value": "vilazodone",
                        "value_type_id": "biolink:Attribute",
                        "original_attribute_name": "name",
                        "value_url": null,
                        "attribute_source": null
                    },
                    {
                        "attribute_type_id": "EDAM:data_0006",
                        "value": false,
                        "value_type_id": "biolink:Attribute",
                        "original_attribute_name": "withdrawn_flag",
                        "value_url": null,
                        "attribute_source": null
                    },
                    {
                        "attribute_type_id": "EDAM:data_0006",
                        "value": true,
                        "value_type_id": "biolink:Attribute",
                        "original_attribute_name": "therapeutic_flag",
                        "value_url": null,
                        "attribute_source": null
                    },
                    {
                        "attribute_type_id": "EDAM:data_0006",
                        "value": true,
                        "value_type_id": "biolink:Attribute",
                        "original_attribute_name": "oral",
                        "value_url": null,
                        "attribute_source": null
                    },
                    {
                        "attribute_type_id": "EDAM:data_0006",
                        "value": true,
                        "value_type_id": "biolink:Attribute",
                        "original_attribute_name": "serotonin_uptake_inhibitor",
                        "value_url": null,
                        "attribute_source": null
                    },
                    {
                        "attribute_type_id": "EDAM:data_0006",
                        "value": true,
                        "value_type_id": "biolink:Attribute",
                        "original_attribute_name": "drugbank.approved",
                        "value_url": null,
                        "attribute_source": null
                    },
                    {
                        "attribute_type_id": "EDAM:data_0006",
                        "value": true,
                        "value_type_id": "biolink:Attribute",
                        "original_attribute_name": "base",
                        "value_url": null,
                        "attribute_source": null
                    },
                    {
                        "attribute_type_id": "EDAM:data_0006",
                        "value": true,
                        "value_type_id": "biolink:Attribute",
                        "original_attribute_name": "biological_role",
                        "value_url": null,
                        "attribute_source": null
                    }
                ],
                "degree": 231
            },
            "MONDO:0002050": {
                "categories": [
                    "biolink:NamedThing",
                    "biolink:BiologicalEntity",
                    "biolink:Disease",
                    "biolink:DiseaseOrPhenotypicFeature"
                ],
                "name": "depressive disorder",
                "attributes": [
                    {
                        "attribute_type_id": "EDAM:data_0006",
                        "value": [],
                        "value_type_id": "biolink:Attribute",
                        "original_attribute_name": "synonyms",
                        "value_url": null,
                        "attribute_source": null
                    },
                    {
                        "attribute_type_id": "EDAM:data_0006",
                        "value": "depressive disorder",
                        "value_type_id": "biolink:Attribute",
                        "original_attribute_name": "name",
                        "value_url": null,
                        "attribute_source": null
                    },
                    {
                        "attribute_type_id": "EDAM:data_0006",
                        "value": true,
                        "value_type_id": "biolink:Attribute",
                        "original_attribute_name": "psychiatric_disorder",
                        "value_url": null,
                        "attribute_source": null
                    },
                    {
                        "attribute_type_id": "EDAM:data_0006",
                        "value": [
                            "UMLS:C4087263",
                            "UMLS:C0013415",
                            "NCIT:C2982",
                            "UMLS:C1963888",
                            "UMLS:C0011574",
                            "DOID:1596",
                            "SNOMEDCT:321717001",
                            "UMLS:C1096724",
                            "UMLS:C0154408",
                            "UMLS:C0086133",
                            "SNOMEDCT:35489007",
                            "SNOMEDCT:442057004",
                            "UMLS:C0302874",
                            "UMLS:C3665457",
                            "UMLS:C3665340",
                            "MEDDRA:10077804",
                            "MESH:D003866",
                            "UMLS:C0025193",
                            "UMLS:C0011573",
                            "UMLS:CN236658",
                            "UMLS:C1269683",
                            "UMLS:C0743072",
                            "MEDDRA:10057840",
                            "MONDO:0002050",
                            "UMLS:C0282126"
                        ],
                        "value_type_id": "biolink:Attribute",
                        "original_attribute_name": "equivalent_identifiers",
                        "value_url": null,
                        "attribute_source": null
                    }
                ],
                "degree": 965
            }
        },
        "edges": {
            "5688c3bad118567cc2415951cbc5917f": {
                "subject": "PUBCHEM.COMPOUND:6918314",
                "object": "NCBIGene:6532",
                "predicate": "biolink:interacts_with",
                "relation": null,
                "attributes": [
                    {
                        "attribute_type_id": "EDAM:data_0006",
                        "value": [
                            "interacts with",
                            "interacts with"
                        ],
                        "value_type_id": "biolink:Attribute",
                        "original_attribute_name": "relation_label",
                        "value_url": null,
                        "attribute_source": null
                    },
                    {
                        "attribute_type_id": "EDAM:data_0006",
                        "value": "biolink:interacts_with",
                        "value_type_id": "biolink:Attribute",
                        "original_attribute_name": "predicate_id",
                        "value_url": null,
                        "attribute_source": null
                    },
                    {
                        "attribute_type_id": "EDAM:data_0006",
                        "value": [
                            "hmdb.metabolite_to_enzyme",
                            "hmdb.enzyme_to_metabolite"
                        ],
                        "value_type_id": "biolink:Attribute",
                        "original_attribute_name": "edge_source",
                        "value_url": null,
                        "attribute_source": null
                    },
                    {
                        "attribute_type_id": "EDAM:data_0006",
                        "value": [
                            1584936653.4342105,
                            1595016686.962287
                        ],
                        "value_type_id": "biolink:Attribute",
                        "original_attribute_name": "ctime",
                        "value_url": null,
                        "attribute_source": null
                    },
                    {
                        "attribute_type_id": "EDAM:data_0006",
                        "value": [
                            "hmdb",
                            "hmdb"
                        ],
                        "value_type_id": "biolink:Attribute",
                        "original_attribute_name": "source_database",
                        "value_url": null,
                        "attribute_source": null
                    },
                    {
                        "attribute_type_id": "EDAM:data_0971",
                        "value": [],
                        "value_type_id": "biolink:Attribute",
                        "original_attribute_name": "publications",
                        "value_url": null,
                        "attribute_source": null
                    },
                    {
                        "attribute_type_id": "EDAM:data_0006",
                        "value": [
                            "RO:0002434",
                            "RO:0002434"
                        ],
                        "value_type_id": "biolink:Attribute",
                        "original_attribute_name": "relation",
                        "value_url": null,
                        "attribute_source": null
                    }
                ]
            },
            "bb47ae2129f899a457a96bd03e531465": {
                "subject": "NCBIGene:6532",
                "object": "MONDO:0002050",
                "predicate": "biolink:gene_associated_with_condition",
                "relation": null,
                "attributes": [
                    {
                        "attribute_type_id": "EDAM:data_0006",
                        "value": [
                            "gene_involved"
                        ],
                        "value_type_id": "biolink:Attribute",
                        "original_attribute_name": "relation_label",
                        "value_url": null,
                        "attribute_source": null
                    },
                    {
                        "attribute_type_id": "EDAM:data_0006",
                        "value": "biolink:gene_associated_with_condition",
                        "value_type_id": "biolink:Attribute",
                        "original_attribute_name": "predicate_id",
                        "value_url": null,
                        "attribute_source": null
                    },
                    {
                        "attribute_type_id": "EDAM:data_0006",
                        "value": [
                            "pharos.gene_get_disease"
                        ],
                        "value_type_id": "biolink:Attribute",
                        "original_attribute_name": "edge_source",
                        "value_url": null,
                        "attribute_source": null
                    },
                    {
                        "attribute_type_id": "EDAM:data_0006",
                        "value": [
                            1595358965.4472969
                        ],
                        "value_type_id": "biolink:Attribute",
                        "original_attribute_name": "ctime",
                        "value_url": null,
                        "attribute_source": null
                    },
                    {
                        "attribute_type_id": "EDAM:data_0006",
                        "value": [
                            "pharos"
                        ],
                        "value_type_id": "biolink:Attribute",
                        "original_attribute_name": "source_database",
                        "value_url": null,
                        "attribute_source": null
                    },
                    {
                        "attribute_type_id": "EDAM:data_0006",
                        "value": [
                            "WD:P2293"
                        ],
                        "value_type_id": "biolink:Attribute",
                        "original_attribute_name": "relation",
                        "value_url": null,
                        "attribute_source": null
                    },
                    {
                        "attribute_type_id": "EDAM:data_0971",
                        "value": [],
                        "value_type_id": "biolink:Attribute",
                        "original_attribute_name": "publications",
                        "value_url": null,
                        "attribute_source": null
                    }
                ]
            }
        }
    },
    "results": [
        {
            "node_bindings": {
                "stop1": [
                    {
                        "id": "NCBIGene:6532"
                    }
                ],
                "drug": [
                    {
                        "id": "PUBCHEM.COMPOUND:6918314"
                    }
                ],
                "disease": [
                    {
                        "id": "MONDO:0002050"
                    }
                ]
            },
            "edge_bindings": {
                "leg1": [
                    {
                        "id": "5688c3bad118567cc2415951cbc5917f"
                    },
                    {
                        "id": "40bad9b9ce2c820fd2e4ba4ce6f78a39"
                    }
                ],
                "leg2": [
                    {
                        "id": "bb47ae2129f899a457a96bd03e531465"
                    }
                ]
            }
        }
    ]
}