{
    "query_graph": {
        "nodes": {},
        "edges": {}
    },
    "knowledge_graph": {
        "nodes": {
            "NCBIGene:27306": {
                "categories": [
                    "biolink:NamedThing",
                    "biolink:BiologicalEntity",
                    "biolink:MolecularEntity",
                    "biolink:Gene",
                    "biolink:GeneOrGeneProduct",
                    "biolink:MacromolecularMachine",
                    "biolink:GenomicEntity"
                ],
                "name": "HPGDS",
                "attributes": [
                    {
                        "attribute_type_id": "EDAM:data_0006",
                        "value": 94298535,
                        "value_type_id": "biolink:Attribute",
                        "original_attribute_name": "start_position",
                        "value_url": null,
                        "attribute_source": null
                    },
                    {
                        "attribute_type_id": "EDAM:data_0006",
                        "value": "protein-coding gene",
                        "value_type_id": "biolink:Attribute",
                        "original_attribute_name": "locus_group",
                        "value_url": null,
                        "attribute_source": null
                    },
                    {
                        "attribute_type_id": "EDAM:data_0006",
                        "value": [],
                        "value_type_id": "biolink:Attribute",
                        "original_attribute_name": "synonyms",
                        "value_url": null,
                        "attribute_source": null
                    },
                    {
                        "attribute_type_id": "EDAM:data_0006",
                        "value": "4",
                        "value_type_id": "biolink:Attribute",
                        "original_attribute_name": "chromosome",
                        "value_url": null,
                        "attribute_source": null
                    },
                    {
                        "attribute_type_id": "EDAM:data_0006",
                        "value": "hematopoietic prostaglandin D synthase [Source:HGNC Symbol;Acc:HGNC:17890]",
                        "value_type_id": "biolink:Attribute",
                        "original_attribute_name": "description",
                        "value_url": null,
                        "attribute_source": null
                    },
                    {
                        "attribute_type_id": "EDAM:data_0006",
                        "value": [
                            "Soluble glutathione S-transferases"
                        ],
                        "value_type_id": "biolink:Attribute",
                        "original_attribute_name": "gene_family",
                        "value_url": null,
                        "attribute_source": null
                    },
                    {
                        "attribute_type_id": "EDAM:data_0006",
                        "value": "protein_coding",
                        "value_type_id": "biolink:Attribute",
                        "original_attribute_name": "gene_biotype",
                        "value_url": null,
                        "attribute_source": null
                    },
                    {
                        "attribute_type_id": "EDAM:data_0006",
                        "value": 94342876,
                        "value_type_id": "biolink:Attribute",
                        "original_attribute_name": "end_position",
                        "value_url": null,
                        "attribute_source": null
                    },
                    {
                        "attribute_type_id": "EDAM:data_0006",
                        "value": [
                            "ENSEMBL:ENSG00000163106",
                            "HGNC:17890",
                            "UniProtKB:O60760",
                            "NCBIGene:27306",
                            "NCBIGene:27306"
                        ],
                        "value_type_id": "biolink:Attribute",
                        "original_attribute_name": "equivalent_identifiers",
                        "value_url": null,
                        "attribute_source": null
                    },
                    {
                        "attribute_type_id": "EDAM:data_0006",
                        "value": "HPGDS",
                        "value_type_id": "biolink:Attribute",
                        "original_attribute_name": "name",
                        "value_url": null,
                        "attribute_source": null
                    },
                    {
                        "attribute_type_id": "EDAM:data_0006",
                        "value": 9606,
                        "value_type_id": "biolink:Attribute",
                        "original_attribute_name": "taxon",
                        "value_url": null,
                        "attribute_source": null
                    },
                    {
                        "attribute_type_id": "EDAM:data_0006",
                        "value": "4q22.3",
                        "value_type_id": "biolink:Attribute",
                        "original_attribute_name": "location",
                        "value_url": null,
                        "attribute_source": null
                    },
                    {
                        "attribute_type_id": "EDAM:data_0006",
                        "value": "HPGDS",
                        "value_type_id": "biolink:Attribute",
                        "original_attribute_name": "ensembl_name",
                        "value_url": null,
                        "attribute_source": null
                    },
                    {
                        "attribute_type_id": "EDAM:data_0006",
                        "value": [
                            567
                        ],
                        "value_type_id": "biolink:Attribute",
                        "original_attribute_name": "gene_family_id",
                        "value_url": null,
                        "attribute_source": null
                    }
                ],
                "degree": 3026
            },
            "PUBCHEM.COMPOUND:135973538": {
                "categories": [
                    "biolink:NamedThing",
                    "biolink:BiologicalEntity",
                    "biolink:ChemicalSubstance",
                    "biolink:MolecularEntity"
                ],
                "name": "suramin",
                "attributes": [
                    {
                        "attribute_type_id": "EDAM:data_0006",
                        "value": 0,
                        "value_type_id": "biolink:Attribute",
                        "original_attribute_name": "prodrug",
                        "value_url": null,
                        "attribute_source": null
                    },
                    {
                        "attribute_type_id": "EDAM:data_0006",
                        "value": true,
                        "value_type_id": "biolink:Attribute",
                        "original_attribute_name": "antimicrobial_drug",
                        "value_url": null,
                        "attribute_source": null
                    },
                    {
                        "attribute_type_id": "EDAM:data_0006",
                        "value": true,
                        "value_type_id": "biolink:Attribute",
                        "original_attribute_name": "pharmaceutical",
                        "value_url": null,
                        "attribute_source": null
                    },
                    {
                        "attribute_type_id": "EDAM:data_0006",
                        "value": "Small molecule",
                        "value_type_id": "biolink:Attribute",
                        "original_attribute_name": "molecule_type",
                        "value_url": null,
                        "attribute_source": null
                    },
                    {
                        "attribute_type_id": "EDAM:data_0006",
                        "value": false,
                        "value_type_id": "biolink:Attribute",
                        "original_attribute_name": "topical",
                        "value_url": null,
                        "attribute_source": null
                    },
                    {
                        "attribute_type_id": "EDAM:data_0006",
                        "value": true,
                        "value_type_id": "biolink:Attribute",
                        "original_attribute_name": "role",
                        "value_url": null,
                        "attribute_source": null
                    },
                    {
                        "attribute_type_id": "EDAM:data_0006",
                        "value": true,
                        "value_type_id": "biolink:Attribute",
                        "original_attribute_name": "antinematodal_drug",
                        "value_url": null,
                        "attribute_source": null
                    },
                    {
                        "attribute_type_id": "EDAM:data_0006",
                        "value": true,
                        "value_type_id": "biolink:Attribute",
                        "original_attribute_name": "trypanocidal_drug",
                        "value_url": null,
                        "attribute_source": null
                    },
                    {
                        "attribute_type_id": "EDAM:data_0006",
                        "value": [
                            "1297.2797"
                        ],
                        "value_type_id": "biolink:Attribute",
                        "original_attribute_name": "molecular_weight",
                        "value_url": null,
                        "attribute_source": null
                    },
                    {
                        "attribute_type_id": "EDAM:data_0006",
                        "value": "{'alogp': None, 'aromatic_rings': None, 'cx_logd': None, 'cx_logp': None, 'cx_most_apka': None, 'cx_most_bpka': None, 'full_molformula': 'C51H40N6O23S6', 'full_mwt': '1297.30', 'hba': None, 'hba_lipinski': None, 'hbd': None, 'hbd_lipinski': None, 'heavy_atoms': None, 'molecular_species': None, 'mw_freebase': '1297.30', 'mw_monoisotopic': '1296.0469', 'num_lipinski_ro5_violations': None, 'num_ro5_violations': None, 'psa': None, 'qed_weighted': None, 'ro3_pass': None, 'rtb': None}",
                        "value_type_id": "biolink:Attribute",
                        "original_attribute_name": "molecule_properties",
                        "value_url": null,
                        "attribute_source": null
                    },
                    {
                        "attribute_type_id": "EDAM:data_0006",
                        "value": true,
                        "value_type_id": "biolink:Attribute",
                        "original_attribute_name": "drug",
                        "value_url": null,
                        "attribute_source": null
                    },
                    {
                        "attribute_type_id": "EDAM:data_0006",
                        "value": 0,
                        "value_type_id": "biolink:Attribute",
                        "original_attribute_name": "natural_product",
                        "value_url": null,
                        "attribute_source": null
                    },
                    {
                        "attribute_type_id": "EDAM:data_0006",
                        "value": true,
                        "value_type_id": "biolink:Attribute",
                        "original_attribute_name": "antiparasitic_agent",
                        "value_url": null,
                        "attribute_source": null
                    },
                    {
                        "attribute_type_id": "EDAM:data_0006",
                        "value": [
                            "C51H40N6O23S6"
                        ],
                        "value_type_id": "biolink:Attribute",
                        "original_attribute_name": "molecular_formula",
                        "value_url": null,
                        "attribute_source": null
                    },
                    {
                        "attribute_type_id": "EDAM:data_0006",
                        "value": [
                            "Acids",
                            "Acids, Noncarboxylic",
                            "Agents Against Leishmaniasis and Trypanosomiasis",
                            "Anti-Infective Agents",
                            "Antinematodal Agents",
                            "Antineoplastic Agents",
                            "Antiparasitic Agents",
                            "Antiparasitic Products, Insecticides and Repellents",
                            "Antiprotozoals",
                            "Arylsulfonates",
                            "Arylsulfonic Acids",
                            "Naphthalenes",
                            "Naphthalenesulfonates",
                            "Sulfonic Acids",
                            "Sulfur Acids",
                            "Sulfur Compounds",
                            "Trypanocidal Agents"
                        ],
                        "value_type_id": "biolink:Attribute",
                        "original_attribute_name": "drugbank.categories",
                        "value_url": null,
                        "attribute_source": null
                    },
                    {
                        "attribute_type_id": "EDAM:data_0006",
                        "value": true,
                        "value_type_id": "biolink:Attribute",
                        "original_attribute_name": "pesticide",
                        "value_url": null,
                        "attribute_source": null
                    },
                    {
                        "attribute_type_id": "EDAM:data_0006",
                        "value": [],
                        "value_type_id": "biolink:Attribute",
                        "original_attribute_name": "synonyms",
                        "value_url": null,
                        "attribute_source": null
                    },
                    {
                        "attribute_type_id": "EDAM:data_0006",
                        "value": true,
                        "value_type_id": "biolink:Attribute",
                        "original_attribute_name": "antiinfective_agent",
                        "value_url": null,
                        "attribute_source": null
                    },
                    {
                        "attribute_type_id": "EDAM:data_0006",
                        "value": true,
                        "value_type_id": "biolink:Attribute",
                        "original_attribute_name": "anthelminthic_drug",
                        "value_url": null,
                        "attribute_source": null
                    },
                    {
                        "attribute_type_id": "EDAM:data_0006",
                        "value": [
                            "PUBCHEM.COMPOUND:4261196",
                            "KEGG:C07974",
                            "PUBCHEM.COMPOUND:135973538",
                            "DRUGBANK:DB04786",
                            "CHEBI:45906",
                            "INCHIKEY:DDSRFAMOWJZKMB-UHFFFAOYSA-N",
                            "UNII:6032D45BEM",
                            "MESH:D013498",
                            "CHEMBL.COMPOUND:CHEMBL265502",
                            "HMDB:HMDB0015582",
                            "gtpo:1728",
                            "PUBCHEM.COMPOUND:5361"
                        ],
                        "value_type_id": "biolink:Attribute",
                        "original_attribute_name": "equivalent_identifiers",
                        "value_url": null,
                        "attribute_source": null
                    },
                    {
                        "attribute_type_id": "EDAM:data_0006",
                        "value": false,
                        "value_type_id": "biolink:Attribute",
                        "original_attribute_name": "parenteral",
                        "value_url": null,
                        "attribute_source": null
                    },
                    {
                        "attribute_type_id": "EDAM:data_0006",
                        "value": true,
                        "value_type_id": "biolink:Attribute",
                        "original_attribute_name": "antiprotozoal_drug",
                        "value_url": null,
                        "attribute_source": null
                    },
                    {
                        "attribute_type_id": "EDAM:data_0006",
                        "value": true,
                        "value_type_id": "biolink:Attribute",
                        "original_attribute_name": "nematicide",
                        "value_url": null,
                        "attribute_source": null
                    },
                    {
                        "attribute_type_id": "EDAM:data_0006",
                        "value": true,
                        "value_type_id": "biolink:Attribute",
                        "original_attribute_name": "application",
                        "value_url": null,
                        "attribute_source": null
                    },
                    {
                        "attribute_type_id": "EDAM:data_0006",
                        "value": "suramin",
                        "value_type_id": "biolink:Attribute",
                        "original_attribute_name": "name",
                        "value_url": null,
                        "attribute_source": null
                    },
                    {
                        "attribute_type_id": "EDAM:data_0006",
                        "value": true,
                        "value_type_id": "biolink:Attribute",
                        "original_attribute_name": "drugbank.investigational",
                        "value_url": null,
                        "attribute_source": null
                    },
                    {
                        "attribute_type_id": "EDAM:data_0006",
                        "value": false,
                        "value_type_id": "biolink:Attribute",
                        "original_attribute_name": "therapeutic_flag",
                        "value_url": null,
                        "attribute_source": null
                    },
                    {
                        "attribute_type_id": "EDAM:data_0006",
                        "value": false,
                        "value_type_id": "biolink:Attribute",
                        "original_attribute_name": "withdrawn_flag",
                        "value_url": null,
                        "attribute_source": null
                    },
                    {
                        "attribute_type_id": "EDAM:data_0006",
                        "value": false,
                        "value_type_id": "biolink:Attribute",
                        "original_attribute_name": "oral",
                        "value_url": null,
                        "attribute_source": null
                    },
                    {
                        "attribute_type_id": "EDAM:data_0006",
                        "value": true,
                        "value_type_id": "biolink:Attribute",
                        "original_attribute_name": "antimicrobial_agent",
                        "value_url": null,
                        "attribute_source": null
                    },
                    {
                        "attribute_type_id": "EDAM:data_0006",
                        "value": true,
                        "value_type_id": "biolink:Attribute",
                        "original_attribute_name": "biological_role",
                        "value_url": null,
                        "attribute_source": null
                    }
                ],
                "degree": 97
            },
            "MONDO:0002367": {
                "categories": [
                    "biolink:NamedThing",
                    "biolink:BiologicalEntity",
                    "biolink:Disease",
                    "biolink:DiseaseOrPhenotypicFeature"
                ],
                "name": "kidney cancer",
                "attributes": [
                    {
                        "attribute_type_id": "EDAM:data_0006",
                        "value": [],
                        "value_type_id": "biolink:Attribute",
                        "original_attribute_name": "synonyms",
                        "value_url": null,
                        "attribute_source": null
                    },
                    {
                        "attribute_type_id": "EDAM:data_0006",
                        "value": "kidney cancer",
                        "value_type_id": "biolink:Attribute",
                        "original_attribute_name": "name",
                        "value_url": null,
                        "attribute_source": null
                    },
                    {
                        "attribute_type_id": "EDAM:data_0006",
                        "value": [
                            "NCIT:C7548",
                            "SNOMEDCT:363518003",
                            "MESH:D007680",
                            "MONDO:0002367",
                            "UMLS:CN881103",
                            "DOID:263"
                        ],
                        "value_type_id": "biolink:Attribute",
                        "original_attribute_name": "equivalent_identifiers",
                        "value_url": null,
                        "attribute_source": null
                    }
                ],
                "degree": 3534
            }
        },
        "edges": {
            "e22717dde1d1aebed260b56be4c4640f": {
                "subject": "PUBCHEM.COMPOUND:135973538",
                "object": "NCBIGene:27306",
                "predicate": "biolink:decreases_activity_of",
                "relation": null,
                "attributes": [
                    {
                        "attribute_type_id": "EDAM:data_0006",
                        "value": "biolink:decreases_activity_of",
                        "value_type_id": "biolink:Attribute",
                        "original_attribute_name": "predicate_id",
                        "value_url": null,
                        "attribute_source": null
                    },
                    {
                        "attribute_type_id": "EDAM:data_0006",
                        "value": [
                            "decreases activity of",
                            "decreases activity of"
                        ],
                        "value_type_id": "biolink:Attribute",
                        "original_attribute_name": "relation_label",
                        "value_url": null,
                        "attribute_source": null
                    },
                    {
                        "attribute_type_id": "EDAM:data_0006",
                        "value": [
                            "ctd.gene_to_drug_expanded",
                            "ctd.drug_to_gene_expanded"
                        ],
                        "value_type_id": "biolink:Attribute",
                        "original_attribute_name": "edge_source",
                        "value_url": null,
                        "attribute_source": null
                    },
                    {
                        "attribute_type_id": "EDAM:data_0006",
                        "value": [
                            1585067459.129947,
                            1585125959.8840806
                        ],
                        "value_type_id": "biolink:Attribute",
                        "original_attribute_name": "ctime",
                        "value_url": null,
                        "attribute_source": null
                    },
                    {
                        "attribute_type_id": "EDAM:data_0006",
                        "value": "decreases activity of",
                        "value_type_id": "biolink:Attribute",
                        "original_attribute_name": "description",
                        "value_url": null,
                        "attribute_source": null
                    },
                    {
                        "attribute_type_id": "EDAM:data_0006",
                        "value": "taxon:ncbitaxon:9606",
                        "value_type_id": "biolink:Attribute",
                        "original_attribute_name": "taxon",
                        "value_url": null,
                        "attribute_source": null
                    },
                    {
                        "attribute_type_id": "EDAM:data_0006",
                        "value": [
                            "ctd",
                            "ctd"
                        ],
                        "value_type_id": "biolink:Attribute",
                        "original_attribute_name": "source_database",
                        "value_url": null,
                        "attribute_source": null
                    },
                    {
                        "attribute_type_id": "EDAM:data_0006",
                        "value": [
                            "CTD:decreases_activity_of",
                            "CTD:decreases_activity_of"
                        ],
                        "value_type_id": "biolink:Attribute",
                        "original_attribute_name": "relation",
                        "value_url": null,
                        "attribute_source": null
                    },
                    {
                        "attribute_type_id": "EDAM:data_0971",
                        "value": [
                            "PMID:25603235"
                        ],
                        "value_type_id": "biolink:Attribute",
                        "original_attribute_name": "publications",
                        "value_url": null,
                        "attribute_source": null
                    }
                ]
            },
            "0fb71ec77dfe17c8b1f135a1708bf39e": {
                "subject": "NCBIGene:27306",
                "object": "MONDO:0002367",
                "predicate": "biolink:gene_associated_with_condition",
                "relation": null,
                "attributes": [
                    {
                        "attribute_type_id": "EDAM:data_0006",
                        "value": [
                            "gene_involved",
                            "gene_involved"
                        ],
                        "value_type_id": "biolink:Attribute",
                        "original_attribute_name": "relation_label",
                        "value_url": null,
                        "attribute_source": null
                    },
                    {
                        "attribute_type_id": "EDAM:data_0006",
                        "value": "biolink:gene_associated_with_condition",
                        "value_type_id": "biolink:Attribute",
                        "original_attribute_name": "predicate_id",
                        "value_url": null,
                        "attribute_source": null
                    },
                    {
                        "attribute_type_id": "EDAM:data_0006",
                        "value": [
                            "pharos.gene_get_disease",
                            "pharos.disease_get_gene"
                        ],
                        "value_type_id": "biolink:Attribute",
                        "original_attribute_name": "edge_source",
                        "value_url": null,
                        "attribute_source": null
                    },
                    {
                        "attribute_type_id": "EDAM:data_0006",
                        "value": [
                            1595358720.6454043,
                            1595361854.206862
                        ],
                        "value_type_id": "biolink:Attribute",
                        "original_attribute_name": "ctime",
                        "value_url": null,
                        "attribute_source": null
                    },
                    {
                        "attribute_type_id": "EDAM:data_0006",
                        "value": [
                            "pharos",
                            "pharos"
                        ],
                        "value_type_id": "biolink:Attribute",
                        "original_attribute_name": "source_database",
                        "value_url": null,
                        "attribute_source": null
                    },
                    {
                        "attribute_type_id": "EDAM:data_0006",
                        "value": [
                            "WD:P2293",
                            "WD:P2293"
                        ],
                        "value_type_id": "biolink:Attribute",
                        "original_attribute_name": "relation",
                        "value_url": null,
                        "attribute_source": null
                    },
                    {
                        "attribute_type_id": "EDAM:data_0971",
                        "value": [],
                        "value_type_id": "biolink:Attribute",
                        "original_attribute_name": "publications",
                        "value_url": null,
                        "attribute_source": null
                    }
                ]
            }
        }
    },
    "results": [
        {
            "node_bindings": {
                "stop1": [
                    {
                        "id": "NCBIGene:27306"
                    }
                ],
                "drug": [
                    {
                        "id": "PUBCHEM.COMPOUND:135973538"
                    }
                ],
                "disease": [
                    {
                        "id": "MONDO:0002367"
                    }
                ]
            },
            "edge_bindings": {
                "leg1": [
                    {
                        "id": "e22717dde1d1aebed260b56be4c4640f"
                    }
                ],
                "leg2": [
                    {
                        "id": "0fb71ec77dfe17c8b1f135a1708bf39e"
                    }
                ]
            }
        }
    ]
}