{
    "query_graph": {
        "nodes": {},
        "edges": {}
    },
    "knowledge_graph": {
        "nodes": {
            "PUBCHEM.COMPOUND:9782": {
                "categories": [
                    "biolink:NamedThing",
                    "biolink:BiologicalEntity",
                    "biolink:ChemicalSubstance",
                    "biolink:MolecularEntity"
                ],
                "name": "betamethasone",
                "attributes": [
                    {
                        "attribute_type_id": "EDAM:data_0006",
                        "value": true,
                        "value_type_id": "biolink:Attribute",
                        "original_attribute_name": "anti_asthmatic_agent",
                        "value_url": null,
                        "attribute_source": null
                    },
                    {
                        "attribute_type_id": "EDAM:data_0006",
                        "value": 0,
                        "value_type_id": "biolink:Attribute",
                        "original_attribute_name": "prodrug",
                        "value_url": null,
                        "attribute_source": null
                    },
                    {
                        "attribute_type_id": "EDAM:data_0006",
                        "value": true,
                        "value_type_id": "biolink:Attribute",
                        "original_attribute_name": "drugbank.vet_approved",
                        "value_url": null,
                        "attribute_source": null
                    },
                    {
                        "attribute_type_id": "EDAM:data_0006",
                        "value": true,
                        "value_type_id": "biolink:Attribute",
                        "original_attribute_name": "immunomodulator",
                        "value_url": null,
                        "attribute_source": null
                    },
                    {
                        "attribute_type_id": "EDAM:data_0006",
                        "value": true,
                        "value_type_id": "biolink:Attribute",
                        "original_attribute_name": "pharmaceutical",
                        "value_url": null,
                        "attribute_source": null
                    },
                    {
                        "attribute_type_id": "EDAM:data_0006",
                        "value": "Small molecule",
                        "value_type_id": "biolink:Attribute",
                        "original_attribute_name": "molecule_type",
                        "value_url": null,
                        "attribute_source": null
                    },
                    {
                        "attribute_type_id": "EDAM:data_0006",
                        "value": true,
                        "value_type_id": "biolink:Attribute",
                        "original_attribute_name": "topical",
                        "value_url": null,
                        "attribute_source": null
                    },
                    {
                        "attribute_type_id": "EDAM:data_0006",
                        "value": true,
                        "value_type_id": "biolink:Attribute",
                        "original_attribute_name": "role",
                        "value_url": null,
                        "attribute_source": null
                    },
                    {
                        "attribute_type_id": "EDAM:data_0006",
                        "value": "APRD00513",
                        "value_type_id": "biolink:Attribute",
                        "original_attribute_name": "drugbank.accession_number",
                        "value_url": null,
                        "attribute_source": null
                    },
                    {
                        "attribute_type_id": "EDAM:data_0006",
                        "value": true,
                        "value_type_id": "biolink:Attribute",
                        "original_attribute_name": "immunosuppressive_agent",
                        "value_url": null,
                        "attribute_source": null
                    },
                    {
                        "attribute_type_id": "EDAM:data_0006",
                        "value": true,
                        "value_type_id": "biolink:Attribute",
                        "original_attribute_name": "anti_inflammatory_agent",
                        "value_url": null,
                        "attribute_source": null
                    },
                    {
                        "attribute_type_id": "EDAM:data_0006",
                        "value": true,
                        "value_type_id": "biolink:Attribute",
                        "original_attribute_name": "molecular_messenger",
                        "value_url": null,
                        "attribute_source": null
                    },
                    {
                        "attribute_type_id": "EDAM:data_0006",
                        "value": "{'alogp': '1.90', 'aromatic_rings': 0, 'cx_logd': '1.68', 'cx_logp': '1.68', 'cx_most_apka': '12.42', 'cx_most_bpka': None, 'full_molformula': 'C22H29FO5', 'full_mwt': '392.47', 'hba': 5, 'hba_lipinski': 5, 'hbd': 3, 'hbd_lipinski': 3, 'heavy_atoms': 28, 'molecular_species': 'NEUTRAL', 'mw_freebase': '392.47', 'mw_monoisotopic': '392.1999', 'num_lipinski_ro5_violations': 0, 'num_ro5_violations': 0, 'psa': '94.83', 'qed_weighted': '0.67', 'ro3_pass': 'N', 'rtb': 2}",
                        "value_type_id": "biolink:Attribute",
                        "original_attribute_name": "molecule_properties",
                        "value_url": null,
                        "attribute_source": null
                    },
                    {
                        "attribute_type_id": "EDAM:data_0006",
                        "value": true,
                        "value_type_id": "biolink:Attribute",
                        "original_attribute_name": "hormone",
                        "value_url": null,
                        "attribute_source": null
                    },
                    {
                        "attribute_type_id": "EDAM:data_0006",
                        "value": true,
                        "value_type_id": "biolink:Attribute",
                        "original_attribute_name": "drug",
                        "value_url": null,
                        "attribute_source": null
                    },
                    {
                        "attribute_type_id": "EDAM:data_0006",
                        "value": 1,
                        "value_type_id": "biolink:Attribute",
                        "original_attribute_name": "natural_product",
                        "value_url": null,
                        "attribute_source": null
                    },
                    {
                        "attribute_type_id": "EDAM:data_0006",
                        "value": true,
                        "value_type_id": "biolink:Attribute",
                        "original_attribute_name": "pharmacological_role",
                        "value_url": null,
                        "attribute_source": null
                    },
                    {
                        "attribute_type_id": "EDAM:data_0006",
                        "value": [
                            "Adrenal Cortex Hormones",
                            "Adrenals",
                            "Agents Causing Muscle Toxicity",
                            "Agents for Treatment of Hemorrhoids and Anal Fissures for Topical Use",
                            "Alimentary Tract and Metabolism",
                            "Anti-Asthmatic Agents",
                            "Anti-Inflammatory Agents",
                            "Antidiarrheals, Intestinal Antiinflammatory/antiinfective Agents",
                            "Corticosteroid Hormone Receptor Agonists",
                            "Corticosteroids",
                            "Corticosteroids Acting Locally",
                            "Corticosteroids for Systemic Use",
                            "Corticosteroids for Systemic Use, Plain",
                            "Corticosteroids, Dermatological Preparations",
                            "Corticosteroids, Potent (Group III)",
                            "Cytochrome P-450 CYP3A Inducers",
                            "Cytochrome P-450 CYP3A Substrates",
                            "Cytochrome P-450 CYP3A4 Inducers",
                            "Cytochrome P-450 CYP3A4 Inducers (strength unknown)",
                            "Cytochrome P-450 CYP3A4 Substrates",
                            "Cytochrome P-450 CYP3A5 Inducers",
                            "Cytochrome P-450 CYP3A5 Inducers (strength unknown)",
                            "Cytochrome P-450 Enzyme Inducers",
                            "Cytochrome P-450 Substrates",
                            "Dermatologicals",
                            "Drugs for Obstructive Airway Diseases",
                            "Fused-Ring Compounds",
                            "Glucocorticoids",
                            "Hormones",
                            "Hormones, Hormone Substitutes, and Hormone Antagonists",
                            "Hyperglycemia-Associated Agents",
                            "Immunosuppressive Agents",
                            "Intestinal Antiinflammatory Agents",
                            "Nasal Preparations",
                            "Ophthalmological and Otological Preparations",
                            "Ophthalmologicals",
                            "Otologicals",
                            "P-glycoprotein substrates",
                            "Pregnadienes",
                            "Pregnadienetriols",
                            "Pregnanes",
                            "Respiratory System Agents",
                            "Sensory Organs",
                            "Steroids",
                            "Steroids, Fluorinated",
                            "Systemic Hormonal Preparations, Excl. Sex Hormones and Insulins",
                            "Thyroxine-binding globulin inhibitors",
                            "Vasoprotectives"
                        ],
                        "value_type_id": "biolink:Attribute",
                        "original_attribute_name": "drugbank.categories",
                        "value_url": null,
                        "attribute_source": null
                    },
                    {
                        "attribute_type_id": "EDAM:data_0006",
                        "value": [],
                        "value_type_id": "biolink:Attribute",
                        "original_attribute_name": "synonyms",
                        "value_url": null,
                        "attribute_source": null
                    },
                    {
                        "attribute_type_id": "EDAM:data_0006",
                        "value": true,
                        "value_type_id": "biolink:Attribute",
                        "original_attribute_name": "agonist",
                        "value_url": null,
                        "attribute_source": null
                    },
                    {
                        "attribute_type_id": "EDAM:data_0006",
                        "value": [
                            "UNII:9842X06Q6M",
                            "gtpo:7061",
                            "HMDB:HMDB0014586",
                            "CHEMBL.COMPOUND:CHEMBL632",
                            "PUBCHEM.COMPOUND:9782",
                            "INCHIKEY:XCQQRSUJJCRQQM-UHFFFAOYSA-N",
                            "CHEBI:3077",
                            "DRUGBANK:DB00443",
                            "MESH:D001623"
                        ],
                        "value_type_id": "biolink:Attribute",
                        "original_attribute_name": "equivalent_identifiers",
                        "value_url": null,
                        "attribute_source": null
                    },
                    {
                        "attribute_type_id": "EDAM:data_0006",
                        "value": false,
                        "value_type_id": "biolink:Attribute",
                        "original_attribute_name": "parenteral",
                        "value_url": null,
                        "attribute_source": null
                    },
                    {
                        "attribute_type_id": "EDAM:data_0006",
                        "value": true,
                        "value_type_id": "biolink:Attribute",
                        "original_attribute_name": "application",
                        "value_url": null,
                        "attribute_source": null
                    },
                    {
                        "attribute_type_id": "EDAM:data_0006",
                        "value": true,
                        "value_type_id": "biolink:Attribute",
                        "original_attribute_name": "anti_inflammatory_drug",
                        "value_url": null,
                        "attribute_source": null
                    },
                    {
                        "attribute_type_id": "EDAM:data_0006",
                        "value": "betamethasone",
                        "value_type_id": "biolink:Attribute",
                        "original_attribute_name": "name",
                        "value_url": null,
                        "attribute_source": null
                    },
                    {
                        "attribute_type_id": "EDAM:data_0006",
                        "value": true,
                        "value_type_id": "biolink:Attribute",
                        "original_attribute_name": "therapeutic_flag",
                        "value_url": null,
                        "attribute_source": null
                    },
                    {
                        "attribute_type_id": "EDAM:data_0006",
                        "value": false,
                        "value_type_id": "biolink:Attribute",
                        "original_attribute_name": "withdrawn_flag",
                        "value_url": null,
                        "attribute_source": null
                    },
                    {
                        "attribute_type_id": "EDAM:data_0006",
                        "value": true,
                        "value_type_id": "biolink:Attribute",
                        "original_attribute_name": "drugbank.approved",
                        "value_url": null,
                        "attribute_source": null
                    },
                    {
                        "attribute_type_id": "EDAM:data_0006",
                        "value": true,
                        "value_type_id": "biolink:Attribute",
                        "original_attribute_name": "oral",
                        "value_url": null,
                        "attribute_source": null
                    },
                    {
                        "attribute_type_id": "EDAM:data_0006",
                        "value": true,
                        "value_type_id": "biolink:Attribute",
                        "original_attribute_name": "biological_role",
                        "value_url": null,
                        "attribute_source": null
                    }
                ],
                "degree": 424
            },
            "PUBCHEM.COMPOUND:443967": {
                "categories": [
                    "biolink:NamedThing",
                    "biolink:BiologicalEntity",
                    "biolink:ChemicalSubstance",
                    "biolink:MolecularEntity"
                ],
                "name": "betamethasone acetate",
                "attributes": [
                    {
                        "attribute_type_id": "EDAM:data_0006",
                        "value": "C24H31FO6",
                        "value_type_id": "biolink:Attribute",
                        "original_attribute_name": "molecular_formula",
                        "value_url": null,
                        "attribute_source": null
                    },
                    {
                        "attribute_type_id": "EDAM:data_0006",
                        "value": 1,
                        "value_type_id": "biolink:Attribute",
                        "original_attribute_name": "prodrug",
                        "value_url": null,
                        "attribute_source": null
                    },
                    {
                        "attribute_type_id": "EDAM:data_0006",
                        "value": "Small molecule",
                        "value_type_id": "biolink:Attribute",
                        "original_attribute_name": "molecule_type",
                        "value_url": null,
                        "attribute_source": null
                    },
                    {
                        "attribute_type_id": "EDAM:data_0006",
                        "value": false,
                        "value_type_id": "biolink:Attribute",
                        "original_attribute_name": "topical",
                        "value_url": null,
                        "attribute_source": null
                    },
                    {
                        "attribute_type_id": "EDAM:data_0006",
                        "value": "AKUJBENLRBOFTD-QZIXMDIESA-N",
                        "value_type_id": "biolink:Attribute",
                        "original_attribute_name": "inchikey",
                        "value_url": null,
                        "attribute_source": null
                    },
                    {
                        "attribute_type_id": "EDAM:data_0006",
                        "value": 0.0,
                        "value_type_id": "biolink:Attribute",
                        "original_attribute_name": "charge",
                        "value_url": null,
                        "attribute_source": null
                    },
                    {
                        "attribute_type_id": "EDAM:data_0006",
                        "value": "InChI=1S/C24H31FO6/c1-13-9-18-17-6-5-15-10-16(27)7-8-21(15,3)23(17,25)19(28)11-22(18,4)24(13,30)20(29)12-31-14(2)26/h7-8,10,13,17-19,28,30H,5-6,9,11-12H2,1-4H3/t13-,17-,18-,19-,21-,22-,23-,24-/m0/s1",
                        "value_type_id": "biolink:Attribute",
                        "original_attribute_name": "inchi",
                        "value_url": null,
                        "attribute_source": null
                    },
                    {
                        "attribute_type_id": "EDAM:data_0006",
                        "value": "[H][C@@]12C[C@H](C)[C@](O)(C(=O)COC(C)=O)[C@@]1(C)C[C@H](O)[C@@]1(F)[C@@]2([H])CCC2=CC(=O)C=C[C@]12C",
                        "value_type_id": "biolink:Attribute",
                        "original_attribute_name": "smiles",
                        "value_url": null,
                        "attribute_source": null
                    },
                    {
                        "attribute_type_id": "EDAM:data_0006",
                        "value": [],
                        "value_type_id": "biolink:Attribute",
                        "original_attribute_name": "synonyms",
                        "value_url": null,
                        "attribute_source": null
                    },
                    {
                        "attribute_type_id": "EDAM:data_0006",
                        "value": 434.49774,
                        "value_type_id": "biolink:Attribute",
                        "original_attribute_name": "mass",
                        "value_url": null,
                        "attribute_source": null
                    },
                    {
                        "attribute_type_id": "EDAM:data_0006",
                        "value": "{'alogp': '2.47', 'aromatic_rings': 0, 'cx_logd': '2.12', 'cx_logp': '2.12', 'cx_most_apka': '12.44', 'cx_most_bpka': None, 'full_molformula': 'C24H31FO6', 'full_mwt': '434.50', 'hba': 6, 'hba_lipinski': 6, 'hbd': 2, 'hbd_lipinski': 2, 'heavy_atoms': 31, 'molecular_species': 'NEUTRAL', 'mw_freebase': '434.50', 'mw_monoisotopic': '434.2105', 'num_lipinski_ro5_violations': 0, 'num_ro5_violations': 0, 'psa': '100.90', 'qed_weighted': '0.66', 'ro3_pass': 'N', 'rtb': 3}",
                        "value_type_id": "biolink:Attribute",
                        "original_attribute_name": "molecule_properties",
                        "value_url": null,
                        "attribute_source": null
                    },
                    {
                        "attribute_type_id": "EDAM:data_0006",
                        "value": [
                            "CHEBI:31275",
                            "UNII:TI05AO53L7",
                            "CHEMBL.COMPOUND:CHEMBL1200538",
                            "PUBCHEM.COMPOUND:443967",
                            "INCHIKEY:IILCHWNVYMSNJR-UHFFFAOYSA-N",
                            "MESH:C580789"
                        ],
                        "value_type_id": "biolink:Attribute",
                        "original_attribute_name": "equivalent_identifiers",
                        "value_url": null,
                        "attribute_source": null
                    },
                    {
                        "attribute_type_id": "EDAM:data_0006",
                        "value": true,
                        "value_type_id": "biolink:Attribute",
                        "original_attribute_name": "parenteral",
                        "value_url": null,
                        "attribute_source": null
                    },
                    {
                        "attribute_type_id": "EDAM:data_0006",
                        "value": 1,
                        "value_type_id": "biolink:Attribute",
                        "original_attribute_name": "natural_product",
                        "value_url": null,
                        "attribute_source": null
                    },
                    {
                        "attribute_type_id": "EDAM:data_0006",
                        "value": "betamethasone acetate",
                        "value_type_id": "biolink:Attribute",
                        "original_attribute_name": "name",
                        "value_url": null,
                        "attribute_source": null
                    },
                    {
                        "attribute_type_id": "EDAM:data_0006",
                        "value": true,
                        "value_type_id": "biolink:Attribute",
                        "original_attribute_name": "therapeutic_flag",
                        "value_url": null,
                        "attribute_source": null
                    },
                    {
                        "attribute_type_id": "EDAM:data_0006",
                        "value": false,
                        "value_type_id": "biolink:Attribute",
                        "original_attribute_name": "withdrawn_flag",
                        "value_url": null,
                        "attribute_source": null
                    },
                    {
                        "attribute_type_id": "EDAM:data_0006",
                        "value": false,
                        "value_type_id": "biolink:Attribute",
                        "original_attribute_name": "oral",
                        "value_url": null,
                        "attribute_source": null
                    },
                    {
                        "attribute_type_id": "EDAM:data_0006",
                        "value": 434.21047,
                        "value_type_id": "biolink:Attribute",
                        "original_attribute_name": "monoisotopic_mass",
                        "value_url": null,
                        "attribute_source": null
                    }
                ],
                "degree": 137
            },
            "MONDO:0005393": {
                "categories": [
                    "biolink:NamedThing",
                    "biolink:BiologicalEntity",
                    "biolink:Disease",
                    "biolink:DiseaseOrPhenotypicFeature"
                ],
                "name": "gout",
                "attributes": [
                    {
                        "attribute_type_id": "EDAM:data_0006",
                        "value": true,
                        "value_type_id": "biolink:Attribute",
                        "original_attribute_name": "nutritional_or_metabolic_disease",
                        "value_url": null,
                        "attribute_source": null
                    },
                    {
                        "attribute_type_id": "EDAM:data_0006",
                        "value": [],
                        "value_type_id": "biolink:Attribute",
                        "original_attribute_name": "synonyms",
                        "value_url": null,
                        "attribute_source": null
                    },
                    {
                        "attribute_type_id": "EDAM:data_0006",
                        "value": "gout",
                        "value_type_id": "biolink:Attribute",
                        "original_attribute_name": "name",
                        "value_url": null,
                        "attribute_source": null
                    },
                    {
                        "attribute_type_id": "EDAM:data_0006",
                        "value": [
                            "MONDO:0005393",
                            "DOID:13189",
                            "UMLS:C0003868",
                            "UMLS:C0018099",
                            "EFO:0004274",
                            "MESH:D015210",
                            "SNOMEDCT:190828008",
                            "HP:0001997",
                            "SNOMEDCT:90560007",
                            "SNOMEDCT:170733007",
                            "NCIT:C34650",
                            "SNOMEDCT:48440001",
                            "MESH:D006073"
                        ],
                        "value_type_id": "biolink:Attribute",
                        "original_attribute_name": "equivalent_identifiers",
                        "value_url": null,
                        "attribute_source": null
                    }
                ],
                "degree": 496
            }
        },
        "edges": {
            "4b021d1cd01de6ddad5829cc68f86749": {
                "subject": "PUBCHEM.COMPOUND:443967",
                "object": "PUBCHEM.COMPOUND:9782",
                "predicate": "biolink:related_to",
                "relation": null,
                "attributes": [
                    {
                        "attribute_type_id": "EDAM:data_0006",
                        "value": [
                            "has functional parent"
                        ],
                        "value_type_id": "biolink:Attribute",
                        "original_attribute_name": "relation_label",
                        "value_url": null,
                        "attribute_source": null
                    },
                    {
                        "attribute_type_id": "EDAM:data_0006",
                        "value": "biolink:related_to",
                        "value_type_id": "biolink:Attribute",
                        "original_attribute_name": "predicate_id",
                        "value_url": null,
                        "attribute_source": null
                    },
                    {
                        "attribute_type_id": "EDAM:data_0006",
                        "value": [
                            "uberongraph.get_chemical_by_chemical"
                        ],
                        "value_type_id": "biolink:Attribute",
                        "original_attribute_name": "edge_source",
                        "value_url": null,
                        "attribute_source": null
                    },
                    {
                        "attribute_type_id": "EDAM:data_0006",
                        "value": [
                            1592185204.1001067
                        ],
                        "value_type_id": "biolink:Attribute",
                        "original_attribute_name": "ctime",
                        "value_url": null,
                        "attribute_source": null
                    },
                    {
                        "attribute_type_id": "EDAM:data_0006",
                        "value": [
                            "uberongraph"
                        ],
                        "value_type_id": "biolink:Attribute",
                        "original_attribute_name": "source_database",
                        "value_url": null,
                        "attribute_source": null
                    },
                    {
                        "attribute_type_id": "EDAM:data_0971",
                        "value": [],
                        "value_type_id": "biolink:Attribute",
                        "original_attribute_name": "publications",
                        "value_url": null,
                        "attribute_source": null
                    },
                    {
                        "attribute_type_id": "EDAM:data_0006",
                        "value": [
                            "CHEBI:has_functional_parent"
                        ],
                        "value_type_id": "biolink:Attribute",
                        "original_attribute_name": "relation",
                        "value_url": null,
                        "attribute_source": null
                    }
                ]
            },
            "96a3006a9655267a71124198884b2260": {
                "subject": "PUBCHEM.COMPOUND:9782",
                "object": "MONDO:0005393",
                "predicate": "biolink:treats",
                "relation": null,
                "attributes": [
                    {
                        "attribute_type_id": "EDAM:data_0006",
                        "value": "biolink:treats",
                        "value_type_id": "biolink:Attribute",
                        "original_attribute_name": "predicate_id",
                        "value_url": null,
                        "attribute_source": null
                    },
                    {
                        "attribute_type_id": "EDAM:data_0006",
                        "value": [
                            "treats"
                        ],
                        "value_type_id": "biolink:Attribute",
                        "original_attribute_name": "relation_label",
                        "value_url": null,
                        "attribute_source": null
                    },
                    {
                        "attribute_type_id": "EDAM:data_0006",
                        "value": [
                            "mychem.get_drugcentral"
                        ],
                        "value_type_id": "biolink:Attribute",
                        "original_attribute_name": "edge_source",
                        "value_url": null,
                        "attribute_source": null
                    },
                    {
                        "attribute_type_id": "EDAM:data_0006",
                        "value": [
                            1595083400.8662152
                        ],
                        "value_type_id": "biolink:Attribute",
                        "original_attribute_name": "ctime",
                        "value_url": null,
                        "attribute_source": null
                    },
                    {
                        "attribute_type_id": "EDAM:data_0006",
                        "value": [
                            "mychem"
                        ],
                        "value_type_id": "biolink:Attribute",
                        "original_attribute_name": "source_database",
                        "value_url": null,
                        "attribute_source": null
                    },
                    {
                        "attribute_type_id": "EDAM:data_0006",
                        "value": [
                            "RO:0002606"
                        ],
                        "value_type_id": "biolink:Attribute",
                        "original_attribute_name": "relation",
                        "value_url": null,
                        "attribute_source": null
                    },
                    {
                        "attribute_type_id": "EDAM:data_0971",
                        "value": [],
                        "value_type_id": "biolink:Attribute",
                        "original_attribute_name": "publications",
                        "value_url": null,
                        "attribute_source": null
                    }
                ]
            }
        }
    },
    "results": [
        {
            "node_bindings": {
                "stop1": [
                    {
                        "id": "PUBCHEM.COMPOUND:9782"
                    }
                ],
                "drug": [
                    {
                        "id": "PUBCHEM.COMPOUND:443967"
                    }
                ],
                "disease": [
                    {
                        "id": "MONDO:0005393"
                    }
                ]
            },
            "edge_bindings": {
                "leg1": [
                    {
                        "id": "4b021d1cd01de6ddad5829cc68f86749"
                    }
                ],
                "leg2": [
                    {
                        "id": "96a3006a9655267a71124198884b2260"
                    }
                ]
            }
        }
    ]
}