{
    "query_graph": {
        "nodes": {},
        "edges": {}
    },
    "knowledge_graph": {
        "nodes": {
            "NCBIGene:4313": {
                "categories": [
                    "biolink:NamedThing",
                    "biolink:BiologicalEntity",
                    "biolink:MolecularEntity",
                    "biolink:Gene",
                    "biolink:GeneOrGeneProduct",
                    "biolink:MacromolecularMachine",
                    "biolink:GenomicEntity"
                ],
                "name": "MMP2",
                "attributes": [
                    {
                        "attribute_type_id": "EDAM:data_0006",
                        "value": 55389700,
                        "value_type_id": "biolink:Attribute",
                        "original_attribute_name": "start_position",
                        "value_url": null,
                        "attribute_source": null
                    },
                    {
                        "attribute_type_id": "EDAM:data_0006",
                        "value": "protein-coding gene",
                        "value_type_id": "biolink:Attribute",
                        "original_attribute_name": "locus_group",
                        "value_url": null,
                        "attribute_source": null
                    },
                    {
                        "attribute_type_id": "EDAM:data_0006",
                        "value": [],
                        "value_type_id": "biolink:Attribute",
                        "original_attribute_name": "synonyms",
                        "value_url": null,
                        "attribute_source": null
                    },
                    {
                        "attribute_type_id": "EDAM:data_0006",
                        "value": "16",
                        "value_type_id": "biolink:Attribute",
                        "original_attribute_name": "chromosome",
                        "value_url": null,
                        "attribute_source": null
                    },
                    {
                        "attribute_type_id": "EDAM:data_0006",
                        "value": "matrix metallopeptidase 2 [Source:HGNC Symbol;Acc:HGNC:7166]",
                        "value_type_id": "biolink:Attribute",
                        "original_attribute_name": "description",
                        "value_url": null,
                        "attribute_source": null
                    },
                    {
                        "attribute_type_id": "EDAM:data_0006",
                        "value": [
                            "M10 matrix metallopeptidases"
                        ],
                        "value_type_id": "biolink:Attribute",
                        "original_attribute_name": "gene_family",
                        "value_url": null,
                        "attribute_source": null
                    },
                    {
                        "attribute_type_id": "EDAM:data_0006",
                        "value": "protein_coding",
                        "value_type_id": "biolink:Attribute",
                        "original_attribute_name": "gene_biotype",
                        "value_url": null,
                        "attribute_source": null
                    },
                    {
                        "attribute_type_id": "EDAM:data_0006",
                        "value": 55506691,
                        "value_type_id": "biolink:Attribute",
                        "original_attribute_name": "end_position",
                        "value_url": null,
                        "attribute_source": null
                    },
                    {
                        "attribute_type_id": "EDAM:data_0006",
                        "value": [
                            "NCBIGene:4313",
                            "UniProtKB:P08253",
                            "ENSEMBL:ENSG00000087245",
                            "HGNC:7166",
                            "NCBIGene:4313"
                        ],
                        "value_type_id": "biolink:Attribute",
                        "original_attribute_name": "equivalent_identifiers",
                        "value_url": null,
                        "attribute_source": null
                    },
                    {
                        "attribute_type_id": "EDAM:data_0006",
                        "value": "MMP2",
                        "value_type_id": "biolink:Attribute",
                        "original_attribute_name": "name",
                        "value_url": null,
                        "attribute_source": null
                    },
                    {
                        "attribute_type_id": "EDAM:data_0006",
                        "value": 9606,
                        "value_type_id": "biolink:Attribute",
                        "original_attribute_name": "taxon",
                        "value_url": null,
                        "attribute_source": null
                    },
                    {
                        "attribute_type_id": "EDAM:data_0006",
                        "value": "16q12.2",
                        "value_type_id": "biolink:Attribute",
                        "original_attribute_name": "location",
                        "value_url": null,
                        "attribute_source": null
                    },
                    {
                        "attribute_type_id": "EDAM:data_0006",
                        "value": "MMP2",
                        "value_type_id": "biolink:Attribute",
                        "original_attribute_name": "ensembl_name",
                        "value_url": null,
                        "attribute_source": null
                    },
                    {
                        "attribute_type_id": "EDAM:data_0006",
                        "value": [
                            891
                        ],
                        "value_type_id": "biolink:Attribute",
                        "original_attribute_name": "gene_family_id",
                        "value_url": null,
                        "attribute_source": null
                    }
                ],
                "degree": 6121
            },
            "PUBCHEM.COMPOUND:445154": {
                "categories": [
                    "biolink:NamedThing",
                    "biolink:BiologicalEntity",
                    "biolink:ChemicalSubstance",
                    "biolink:MolecularEntity"
                ],
                "name": "trans-resveratrol",
                "attributes": [
                    {
                        "attribute_type_id": "EDAM:data_0006",
                        "value": 0,
                        "value_type_id": "biolink:Attribute",
                        "original_attribute_name": "prodrug",
                        "value_url": null,
                        "attribute_source": null
                    },
                    {
                        "attribute_type_id": "EDAM:data_0006",
                        "value": true,
                        "value_type_id": "biolink:Attribute",
                        "original_attribute_name": "quorum_sensing_inhibitor",
                        "value_url": null,
                        "attribute_source": null
                    },
                    {
                        "attribute_type_id": "EDAM:data_0006",
                        "value": "Small molecule",
                        "value_type_id": "biolink:Attribute",
                        "original_attribute_name": "molecule_type",
                        "value_url": null,
                        "attribute_source": null
                    },
                    {
                        "attribute_type_id": "EDAM:data_0006",
                        "value": false,
                        "value_type_id": "biolink:Attribute",
                        "original_attribute_name": "topical",
                        "value_url": null,
                        "attribute_source": null
                    },
                    {
                        "attribute_type_id": "EDAM:data_0006",
                        "value": true,
                        "value_type_id": "biolink:Attribute",
                        "original_attribute_name": "role",
                        "value_url": null,
                        "attribute_source": null
                    },
                    {
                        "attribute_type_id": "EDAM:data_0006",
                        "value": "EXPT02968",
                        "value_type_id": "biolink:Attribute",
                        "original_attribute_name": "drugbank.accession_number",
                        "value_url": null,
                        "attribute_source": null
                    },
                    {
                        "attribute_type_id": "EDAM:data_0006",
                        "value": [
                            "228.2433"
                        ],
                        "value_type_id": "biolink:Attribute",
                        "original_attribute_name": "molecular_weight",
                        "value_url": null,
                        "attribute_source": null
                    },
                    {
                        "attribute_type_id": "EDAM:data_0006",
                        "value": "{'alogp': '2.97', 'aromatic_rings': 2, 'cx_logd': '3.37', 'cx_logp': '3.40', 'cx_most_apka': '8.49', 'cx_most_bpka': None, 'full_molformula': 'C14H12O3', 'full_mwt': '228.25', 'hba': 3, 'hba_lipinski': 3, 'hbd': 3, 'hbd_lipinski': 3, 'heavy_atoms': 17, 'molecular_species': 'NEUTRAL', 'mw_freebase': '228.25', 'mw_monoisotopic': '228.0786', 'num_lipinski_ro5_violations': 0, 'num_ro5_violations': 0, 'psa': '60.69', 'qed_weighted': '0.69', 'ro3_pass': 'N', 'rtb': 2}",
                        "value_type_id": "biolink:Attribute",
                        "original_attribute_name": "molecule_properties",
                        "value_url": null,
                        "attribute_source": null
                    },
                    {
                        "attribute_type_id": "EDAM:data_0006",
                        "value": true,
                        "value_type_id": "biolink:Attribute",
                        "original_attribute_name": "biochemical_role",
                        "value_url": null,
                        "attribute_source": null
                    },
                    {
                        "attribute_type_id": "EDAM:data_0006",
                        "value": 0,
                        "value_type_id": "biolink:Attribute",
                        "original_attribute_name": "natural_product",
                        "value_url": null,
                        "attribute_source": null
                    },
                    {
                        "attribute_type_id": "EDAM:data_0006",
                        "value": true,
                        "value_type_id": "biolink:Attribute",
                        "original_attribute_name": "metabolite",
                        "value_url": null,
                        "attribute_source": null
                    },
                    {
                        "attribute_type_id": "EDAM:data_0006",
                        "value": true,
                        "value_type_id": "biolink:Attribute",
                        "original_attribute_name": "inhibitor",
                        "value_url": null,
                        "attribute_source": null
                    },
                    {
                        "attribute_type_id": "EDAM:data_0006",
                        "value": true,
                        "value_type_id": "biolink:Attribute",
                        "original_attribute_name": "toxin",
                        "value_url": null,
                        "attribute_source": null
                    },
                    {
                        "attribute_type_id": "EDAM:data_0006",
                        "value": true,
                        "value_type_id": "biolink:Attribute",
                        "original_attribute_name": "glioma_associated_oncogene_inhibitor",
                        "value_url": null,
                        "attribute_source": null
                    },
                    {
                        "attribute_type_id": "EDAM:data_0006",
                        "value": [
                            "C14H12O3"
                        ],
                        "value_type_id": "biolink:Attribute",
                        "original_attribute_name": "molecular_formula",
                        "value_url": null,
                        "attribute_source": null
                    },
                    {
                        "attribute_type_id": "EDAM:data_0006",
                        "value": true,
                        "value_type_id": "biolink:Attribute",
                        "original_attribute_name": "antioxidant",
                        "value_url": null,
                        "attribute_source": null
                    },
                    {
                        "attribute_type_id": "EDAM:data_0006",
                        "value": true,
                        "value_type_id": "biolink:Attribute",
                        "original_attribute_name": "poison",
                        "value_url": null,
                        "attribute_source": null
                    },
                    {
                        "attribute_type_id": "EDAM:data_0006",
                        "value": [
                            "Analgesics",
                            "Analgesics, Non-Narcotic",
                            "Angiogenesis Inhibitors",
                            "Anti-Inflammatory Agents",
                            "Anticarcinogenic Agents",
                            "Antimutagenic Agents",
                            "Antineoplastic Agents, Phytogenic",
                            "Antioxidants",
                            "Antiplatelet agents",
                            "Antirheumatic Agents",
                            "Benzene Derivatives",
                            "Benzopyrans",
                            "Benzylidene Compounds",
                            "Central Nervous System Agents",
                            "Chromones",
                            "Compounds used in a research, industrial, or household setting",
                            "Cytochrome P-450 CYP1A2 Inhibitors",
                            "Cytochrome P-450 CYP1A2 Inhibitors (strength unknown)",
                            "Cytochrome P-450 CYP1A2 Substrates",
                            "Cytochrome P-450 CYP3A Inhibitors",
                            "Cytochrome P-450 CYP3A4 Inhibitors",
                            "Cytochrome P-450 CYP3A4 Inhibitors (strength unknown)",
                            "Cytochrome P-450 Enzyme Inhibitors",
                            "Cytochrome P-450 Substrates",
                            "Enzyme Inhibitors",
                            "Flavones",
                            "Flavonoids",
                            "Hematologic Agents",
                            "Heterocyclic Compounds, Fused-Ring",
                            "Peripheral Nervous System Agents",
                            "Phenols",
                            "Polyphenols",
                            "Protective Agents",
                            "Pyrans",
                            "Sensory System Agents",
                            "Stilbenes",
                            "Vasodilating Agents"
                        ],
                        "value_type_id": "biolink:Attribute",
                        "original_attribute_name": "drugbank.categories",
                        "value_url": null,
                        "attribute_source": null
                    },
                    {
                        "attribute_type_id": "EDAM:data_0006",
                        "value": [],
                        "value_type_id": "biolink:Attribute",
                        "original_attribute_name": "synonyms",
                        "value_url": null,
                        "attribute_source": null
                    },
                    {
                        "attribute_type_id": "EDAM:data_0006",
                        "value": true,
                        "value_type_id": "biolink:Attribute",
                        "original_attribute_name": "drugbank.experimental",
                        "value_url": null,
                        "attribute_source": null
                    },
                    {
                        "attribute_type_id": "EDAM:data_0006",
                        "value": [
                            "gtpo:8741",
                            "HMDB:HMDB0003747",
                            "MESH:C059514",
                            "MESH:D000077185",
                            "UNII:Q369O8926L",
                            "INCHIKEY:HHESLRNTZPNJJO-LJQANCHMSA-N",
                            "PUBCHEM.COMPOUND:445154",
                            "DRUGBANK:DB02709",
                            "CHEMBL.COMPOUND:CHEMBL165",
                            "CHEBI:45713",
                            "KEGG:C03582"
                        ],
                        "value_type_id": "biolink:Attribute",
                        "original_attribute_name": "equivalent_identifiers",
                        "value_url": null,
                        "attribute_source": null
                    },
                    {
                        "attribute_type_id": "EDAM:data_0006",
                        "value": false,
                        "value_type_id": "biolink:Attribute",
                        "original_attribute_name": "parenteral",
                        "value_url": null,
                        "attribute_source": null
                    },
                    {
                        "attribute_type_id": "EDAM:data_0006",
                        "value": true,
                        "value_type_id": "biolink:Attribute",
                        "original_attribute_name": "phytotoxin",
                        "value_url": null,
                        "attribute_source": null
                    },
                    {
                        "attribute_type_id": "EDAM:data_0006",
                        "value": true,
                        "value_type_id": "biolink:Attribute",
                        "original_attribute_name": "chemical_role",
                        "value_url": null,
                        "attribute_source": null
                    },
                    {
                        "attribute_type_id": "EDAM:data_0006",
                        "value": "trans-resveratrol",
                        "value_type_id": "biolink:Attribute",
                        "original_attribute_name": "name",
                        "value_url": null,
                        "attribute_source": null
                    },
                    {
                        "attribute_type_id": "EDAM:data_0006",
                        "value": true,
                        "value_type_id": "biolink:Attribute",
                        "original_attribute_name": "drugbank.investigational",
                        "value_url": null,
                        "attribute_source": null
                    },
                    {
                        "attribute_type_id": "EDAM:data_0006",
                        "value": false,
                        "value_type_id": "biolink:Attribute",
                        "original_attribute_name": "therapeutic_flag",
                        "value_url": null,
                        "attribute_source": null
                    },
                    {
                        "attribute_type_id": "EDAM:data_0006",
                        "value": false,
                        "value_type_id": "biolink:Attribute",
                        "original_attribute_name": "withdrawn_flag",
                        "value_url": null,
                        "attribute_source": null
                    },
                    {
                        "attribute_type_id": "EDAM:data_0006",
                        "value": true,
                        "value_type_id": "biolink:Attribute",
                        "original_attribute_name": "eukaryotic_metabolite",
                        "value_url": null,
                        "attribute_source": null
                    },
                    {
                        "attribute_type_id": "EDAM:data_0006",
                        "value": true,
                        "value_type_id": "biolink:Attribute",
                        "original_attribute_name": "drugbank.approved",
                        "value_url": null,
                        "attribute_source": null
                    },
                    {
                        "attribute_type_id": "EDAM:data_0006",
                        "value": false,
                        "value_type_id": "biolink:Attribute",
                        "original_attribute_name": "oral",
                        "value_url": null,
                        "attribute_source": null
                    },
                    {
                        "attribute_type_id": "EDAM:data_0006",
                        "value": true,
                        "value_type_id": "biolink:Attribute",
                        "original_attribute_name": "plant_metabolite",
                        "value_url": null,
                        "attribute_source": null
                    },
                    {
                        "attribute_type_id": "EDAM:data_0006",
                        "value": true,
                        "value_type_id": "biolink:Attribute",
                        "original_attribute_name": "radical_scavenger",
                        "value_url": null,
                        "attribute_source": null
                    },
                    {
                        "attribute_type_id": "EDAM:data_0006",
                        "value": true,
                        "value_type_id": "biolink:Attribute",
                        "original_attribute_name": "phytoalexin",
                        "value_url": null,
                        "attribute_source": null
                    },
                    {
                        "attribute_type_id": "EDAM:data_0006",
                        "value": true,
                        "value_type_id": "biolink:Attribute",
                        "original_attribute_name": "biological_role",
                        "value_url": null,
                        "attribute_source": null
                    }
                ],
                "degree": 1165
            },
            "MONDO:0005350": {
                "categories": [
                    "biolink:NamedThing",
                    "biolink:BiologicalEntity",
                    "biolink:Disease",
                    "biolink:DiseaseOrPhenotypicFeature"
                ],
                "name": "abdominal aortic aneurysm",
                "attributes": [
                    {
                        "attribute_type_id": "EDAM:data_0006",
                        "value": [],
                        "value_type_id": "biolink:Attribute",
                        "original_attribute_name": "synonyms",
                        "value_url": null,
                        "attribute_source": null
                    },
                    {
                        "attribute_type_id": "EDAM:data_0006",
                        "value": "abdominal aortic aneurysm",
                        "value_type_id": "biolink:Attribute",
                        "original_attribute_name": "name",
                        "value_url": null,
                        "attribute_source": null
                    },
                    {
                        "attribute_type_id": "EDAM:data_0006",
                        "value": [
                            "DOID:7693",
                            "UMLS:C0162871",
                            "NCIT:C27000",
                            "MONDO:0005350",
                            "MESH:D017544",
                            "SNOMEDCT:233985008"
                        ],
                        "value_type_id": "biolink:Attribute",
                        "original_attribute_name": "equivalent_identifiers",
                        "value_url": null,
                        "attribute_source": null
                    }
                ],
                "degree": 593
            }
        },
        "edges": {
            "f6221c6f17101d80d5fce2835effdca1": {
                "subject": "PUBCHEM.COMPOUND:445154",
                "object": "NCBIGene:4313",
                "predicate": "biolink:affects_activity_of",
                "relation": null,
                "attributes": [
                    {
                        "attribute_type_id": "EDAM:data_0006",
                        "value": "biolink:affects_activity_of",
                        "value_type_id": "biolink:Attribute",
                        "original_attribute_name": "predicate_id",
                        "value_url": null,
                        "attribute_source": null
                    },
                    {
                        "attribute_type_id": "EDAM:data_0006",
                        "value": [
                            "affects activity of",
                            "affects activity of"
                        ],
                        "value_type_id": "biolink:Attribute",
                        "original_attribute_name": "relation_label",
                        "value_url": null,
                        "attribute_source": null
                    },
                    {
                        "attribute_type_id": "EDAM:data_0006",
                        "value": [
                            "ctd.gene_to_drug_expanded",
                            "ctd.drug_to_gene_expanded"
                        ],
                        "value_type_id": "biolink:Attribute",
                        "original_attribute_name": "edge_source",
                        "value_url": null,
                        "attribute_source": null
                    },
                    {
                        "attribute_type_id": "EDAM:data_0006",
                        "value": [
                            1585064704.0990608,
                            1585122262.0698824
                        ],
                        "value_type_id": "biolink:Attribute",
                        "original_attribute_name": "ctime",
                        "value_url": null,
                        "attribute_source": null
                    },
                    {
                        "attribute_type_id": "EDAM:data_0006",
                        "value": "affects activity of",
                        "value_type_id": "biolink:Attribute",
                        "original_attribute_name": "description",
                        "value_url": null,
                        "attribute_source": null
                    },
                    {
                        "attribute_type_id": "EDAM:data_0006",
                        "value": "taxon:ncbitaxon:9606",
                        "value_type_id": "biolink:Attribute",
                        "original_attribute_name": "taxon",
                        "value_url": null,
                        "attribute_source": null
                    },
                    {
                        "attribute_type_id": "EDAM:data_0006",
                        "value": [
                            "ctd",
                            "ctd"
                        ],
                        "value_type_id": "biolink:Attribute",
                        "original_attribute_name": "source_database",
                        "value_url": null,
                        "attribute_source": null
                    },
                    {
                        "attribute_type_id": "EDAM:data_0006",
                        "value": [
                            "CTD:affects_activity_of",
                            "CTD:affects_activity_of"
                        ],
                        "value_type_id": "biolink:Attribute",
                        "original_attribute_name": "relation",
                        "value_url": null,
                        "attribute_source": null
                    },
                    {
                        "attribute_type_id": "EDAM:data_0971",
                        "value": [
                            "PMID:24001813"
                        ],
                        "value_type_id": "biolink:Attribute",
                        "original_attribute_name": "publications",
                        "value_url": null,
                        "attribute_source": null
                    }
                ]
            },
            "bdee086641aa41edd72c33ce57c53ca5": {
                "subject": "MONDO:0005350",
                "object": "NCBIGene:4313",
                "predicate": "biolink:gene_associated_with_condition",
                "relation": null,
                "attributes": [
                    {
                        "attribute_type_id": "EDAM:data_0006",
                        "value": [
                            "ASSOCIATES_DaG"
                        ],
                        "value_type_id": "biolink:Attribute",
                        "original_attribute_name": "relation_label",
                        "value_url": null,
                        "attribute_source": null
                    },
                    {
                        "attribute_type_id": "EDAM:data_0006",
                        "value": "biolink:gene_associated_with_condition",
                        "value_type_id": "biolink:Attribute",
                        "original_attribute_name": "predicate_id",
                        "value_url": null,
                        "attribute_source": null
                    },
                    {
                        "attribute_type_id": "EDAM:data_0006",
                        "value": [
                            "hetio.gene_to_disease"
                        ],
                        "value_type_id": "biolink:Attribute",
                        "original_attribute_name": "edge_source",
                        "value_url": null,
                        "attribute_source": null
                    },
                    {
                        "attribute_type_id": "EDAM:data_0006",
                        "value": [
                            1585022421.7696393
                        ],
                        "value_type_id": "biolink:Attribute",
                        "original_attribute_name": "ctime",
                        "value_url": null,
                        "attribute_source": null
                    },
                    {
                        "attribute_type_id": "EDAM:data_0006",
                        "value": [
                            "hetio"
                        ],
                        "value_type_id": "biolink:Attribute",
                        "original_attribute_name": "source_database",
                        "value_url": null,
                        "attribute_source": null
                    },
                    {
                        "attribute_type_id": "EDAM:data_0006",
                        "value": [
                            "hetio:ASSOCIATES_DaG"
                        ],
                        "value_type_id": "biolink:Attribute",
                        "original_attribute_name": "relation",
                        "value_url": null,
                        "attribute_source": null
                    },
                    {
                        "attribute_type_id": "EDAM:data_0971",
                        "value": [],
                        "value_type_id": "biolink:Attribute",
                        "original_attribute_name": "publications",
                        "value_url": null,
                        "attribute_source": null
                    }
                ]
            }
        }
    },
    "results": [
        {
            "node_bindings": {
                "stop1": [
                    {
                        "id": "NCBIGene:4313"
                    }
                ],
                "drug": [
                    {
                        "id": "PUBCHEM.COMPOUND:445154"
                    }
                ],
                "disease": [
                    {
                        "id": "MONDO:0005350"
                    }
                ]
            },
            "edge_bindings": {
                "leg1": [
                    {
                        "id": "f6221c6f17101d80d5fce2835effdca1"
                    },
                    {
                        "id": "49a55752412815d67e27b034f7e399de"
                    },
                    {
                        "id": "c58b42a712b85845af6a771b073d71a2"
                    },
                    {
                        "id": "72ef623c590f4c6b10bcab4f3184f547"
                    },
                    {
                        "id": "d950a48cd626cc77de151df9b947f3e8"
                    },
                    {
                        "id": "7e5bfbb864bd75d2056c8a9f516b53fe"
                    },
                    {
                        "id": "bddaca7fcd578d9a8f7924aba4d19fe8"
                    }
                ],
                "leg2": [
                    {
                        "id": "bdee086641aa41edd72c33ce57c53ca5"
                    }
                ]
            }
        }
    ]
}