{
    "query_graph": {
        "nodes": {},
        "edges": {}
    },
    "knowledge_graph": {
        "nodes": {
            "HP:0032155": {
                "categories": [
                    "biolink:NamedThing",
                    "biolink:BiologicalEntity",
                    "biolink:DiseaseOrPhenotypicFeature",
                    "biolink:PhenotypicFeature"
                ],
                "name": "Abdominal cramps",
                "attributes": [
                    {
                        "attribute_type_id": "EDAM:data_0006",
                        "value": [],
                        "value_type_id": "biolink:Attribute",
                        "original_attribute_name": "synonyms",
                        "value_url": null,
                        "attribute_source": null
                    },
                    {
                        "attribute_type_id": "EDAM:data_0006",
                        "value": "Abdominal cramps",
                        "value_type_id": "biolink:Attribute",
                        "original_attribute_name": "name",
                        "value_url": null,
                        "attribute_source": null
                    },
                    {
                        "attribute_type_id": "EDAM:data_0006",
                        "value": [
                            "NCIT:C26682",
                            "SNOMEDCT:111985007",
                            "UMLS:C3160788",
                            "UMLS:C3805159",
                            "HP:0002027",
                            "UMLS:C0232488",
                            "UMLS:C0859014",
                            "MEDDRA:10000081",
                            "SNOMEDCT:102631004",
                            "UMLS:C0522062",
                            "UMLS:C0859017",
                            "UMLS:C0857092",
                            "SNOMEDCT:443503005",
                            "UMLS:C0238552",
                            "UMLS:C0919981",
                            "UMLS:C0920154",
                            "UMLS:C1096594",
                            "UMLS:C0235296",
                            "SNOMEDCT:79922009",
                            "UMLS:C0859018",
                            "UMLS:C1096250",
                            "SNOMEDCT:1045000",
                            "UMLS:C4324339",
                            "UMLS:C0541818",
                            "UMLS:C0549273",
                            "SNOMEDCT:9991008",
                            "MEDDRA:10000087",
                            "UMLS:C0232491",
                            "UMLS:C4087526",
                            "UMLS:C0221512",
                            "UMLS:C0267518",
                            "UMLS:C0266836",
                            "UMLS:C0858666",
                            "UMLS:C1868919",
                            "UMLS:C0541751",
                            "UMLS:C0581870",
                            "NCIT:C78320",
                            "UMLS:C1609533",
                            "SNOMEDCT:102615007",
                            "HP:0011848",
                            "SNOMEDCT:162046002",
                            "UMLS:C0858662",
                            "UMLS:C1737259",
                            "UMLS:C0743541",
                            "SNOMEDCT:162059005",
                            "SNOMEDCT:83132003",
                            "NCIT:C113481",
                            "SNOMEDCT:271681002",
                            "UMLS:C0426649",
                            "UMLS:C4285953",
                            "UMLS:C0687713",
                            "NCIT:C34331",
                            "HP:0410019",
                            "UMLS:C2939106",
                            "UMLS:C0232492",
                            "SNOMEDCT:35363006",
                            "UMLS:C0232487",
                            "UMLS:C3665357",
                            "MEDDRA:10017999",
                            "UMLS:C0000737",
                            "UMLS:C0000729",
                            "UMLS:C4285954",
                            "UMLS:C0858990",
                            "UMLS:C1662979",
                            "UMLS:C0877617",
                            "UMLS:C0235295",
                            "UMLS:C0877664",
                            "SNOMEDCT:271853005",
                            "MESH:D015746",
                            "UMLS:C0423644",
                            "UMLS:C0857062",
                            "SNOMEDCT:43364001",
                            "MEDDRA:10000059",
                            "UMLS:C0522061",
                            "HP:0032155",
                            "SNOMEDCT:301715003",
                            "UMLS:C0235299",
                            "SNOMEDCT:102613000",
                            "UMLS:C0859016",
                            "MEDDRA:10021746",
                            "UMLS:C4728126",
                            "UMLS:C0548823",
                            "UMLS:C3888418",
                            "UMLS:C0235309",
                            "UMLS:C0858663",
                            "SNOMEDCT:301717006",
                            "UMLS:C0476305",
                            "UMLS:C0522071",
                            "UMLS:C0344304",
                            "SNOMEDCT:73063007",
                            "SNOMEDCT:21522001",
                            "SNOMEDCT:249531009",
                            "UMLS:C4286046",
                            "UMLS:C4285951",
                            "UMLS:C0232493",
                            "SNOMEDCT:102614006",
                            "UMLS:C1698089",
                            "SNOMEDCT:162043005",
                            "UMLS:C0549272",
                            "NCIT:C78546",
                            "UMLS:C1096624",
                            "MESH:D003085"
                        ],
                        "value_type_id": "biolink:Attribute",
                        "original_attribute_name": "equivalent_identifiers",
                        "value_url": null,
                        "attribute_source": null
                    }
                ],
                "degree": 880
            },
            "PUBCHEM.COMPOUND:36462": {
                "categories": [
                    "biolink:NamedThing",
                    "biolink:BiologicalEntity",
                    "biolink:ChemicalSubstance",
                    "biolink:MolecularEntity"
                ],
                "name": "etoposide",
                "attributes": [
                    {
                        "attribute_type_id": "EDAM:data_0006",
                        "value": 0,
                        "value_type_id": "biolink:Attribute",
                        "original_attribute_name": "prodrug",
                        "value_url": null,
                        "attribute_source": null
                    },
                    {
                        "attribute_type_id": "EDAM:data_0006",
                        "value": true,
                        "value_type_id": "biolink:Attribute",
                        "original_attribute_name": "pharmaceutical",
                        "value_url": null,
                        "attribute_source": null
                    },
                    {
                        "attribute_type_id": "EDAM:data_0006",
                        "value": "Small molecule",
                        "value_type_id": "biolink:Attribute",
                        "original_attribute_name": "molecule_type",
                        "value_url": null,
                        "attribute_source": null
                    },
                    {
                        "attribute_type_id": "EDAM:data_0006",
                        "value": false,
                        "value_type_id": "biolink:Attribute",
                        "original_attribute_name": "topical",
                        "value_url": null,
                        "attribute_source": null
                    },
                    {
                        "attribute_type_id": "EDAM:data_0006",
                        "value": true,
                        "value_type_id": "biolink:Attribute",
                        "original_attribute_name": "role",
                        "value_url": null,
                        "attribute_source": null
                    },
                    {
                        "attribute_type_id": "EDAM:data_0006",
                        "value": "APRD00239",
                        "value_type_id": "biolink:Attribute",
                        "original_attribute_name": "drugbank.accession_number",
                        "value_url": null,
                        "attribute_source": null
                    },
                    {
                        "attribute_type_id": "EDAM:data_0006",
                        "value": true,
                        "value_type_id": "biolink:Attribute",
                        "original_attribute_name": "DNA_synthesis_inhibitor",
                        "value_url": null,
                        "attribute_source": null
                    },
                    {
                        "attribute_type_id": "EDAM:data_0006",
                        "value": [
                            "588.5566"
                        ],
                        "value_type_id": "biolink:Attribute",
                        "original_attribute_name": "molecular_weight",
                        "value_url": null,
                        "attribute_source": null
                    },
                    {
                        "attribute_type_id": "EDAM:data_0006",
                        "value": "{'alogp': '1.34', 'aromatic_rings': 2, 'cx_logd': '1.16', 'cx_logp': '1.16', 'cx_most_apka': '9.33', 'cx_most_bpka': None, 'full_molformula': 'C29H32O13', 'full_mwt': '588.56', 'hba': 13, 'hba_lipinski': 13, 'hbd': 3, 'hbd_lipinski': 3, 'heavy_atoms': 42, 'molecular_species': 'NEUTRAL', 'mw_freebase': '588.56', 'mw_monoisotopic': '588.1843', 'num_lipinski_ro5_violations': 2, 'num_ro5_violations': 2, 'psa': '160.83', 'qed_weighted': '0.43', 'ro3_pass': 'N', 'rtb': 5}",
                        "value_type_id": "biolink:Attribute",
                        "original_attribute_name": "molecule_properties",
                        "value_url": null,
                        "attribute_source": null
                    },
                    {
                        "attribute_type_id": "EDAM:data_0006",
                        "value": true,
                        "value_type_id": "biolink:Attribute",
                        "original_attribute_name": "drug",
                        "value_url": null,
                        "attribute_source": null
                    },
                    {
                        "attribute_type_id": "EDAM:data_0006",
                        "value": true,
                        "value_type_id": "biolink:Attribute",
                        "original_attribute_name": "biochemical_role",
                        "value_url": null,
                        "attribute_source": null
                    },
                    {
                        "attribute_type_id": "EDAM:data_0006",
                        "value": 1,
                        "value_type_id": "biolink:Attribute",
                        "original_attribute_name": "natural_product",
                        "value_url": null,
                        "attribute_source": null
                    },
                    {
                        "attribute_type_id": "EDAM:data_0006",
                        "value": true,
                        "value_type_id": "biolink:Attribute",
                        "original_attribute_name": "inhibitor",
                        "value_url": null,
                        "attribute_source": null
                    },
                    {
                        "attribute_type_id": "EDAM:data_0006",
                        "value": true,
                        "value_type_id": "biolink:Attribute",
                        "original_attribute_name": "antineoplastic_agent",
                        "value_url": null,
                        "attribute_source": null
                    },
                    {
                        "attribute_type_id": "EDAM:data_0006",
                        "value": [
                            "C29H32O13"
                        ],
                        "value_type_id": "biolink:Attribute",
                        "original_attribute_name": "molecular_formula",
                        "value_url": null,
                        "attribute_source": null
                    },
                    {
                        "attribute_type_id": "EDAM:data_0006",
                        "value": [
                            "Antineoplastic Agents",
                            "Antineoplastic Agents, Phytogenic",
                            "Antineoplastic and Immunomodulating Agents",
                            "BCRP/ABCG2 Substrates",
                            "Benzene Derivatives",
                            "Benzyl Compounds",
                            "Carbohydrates",
                            "Cardiotoxic antineoplastic agents",
                            "Cytochrome P-450 CYP1A2 Substrates",
                            "Cytochrome P-450 CYP2E1 Substrates",
                            "Cytochrome P-450 CYP3A Inducers",
                            "Cytochrome P-450 CYP3A Inhibitors",
                            "Cytochrome P-450 CYP3A Substrates",
                            "Cytochrome P-450 CYP3A4 Inducers",
                            "Cytochrome P-450 CYP3A4 Inducers (strength unknown)",
                            "Cytochrome P-450 CYP3A4 Inhibitors",
                            "Cytochrome P-450 CYP3A4 Inhibitors (strength unknown)",
                            "Cytochrome P-450 CYP3A4 Substrates",
                            "Cytochrome P-450 CYP3A5 Substrates",
                            "Cytochrome P-450 Enzyme Inducers",
                            "Cytochrome P-450 Enzyme Inhibitors",
                            "Cytochrome P-450 Substrates",
                            "Enzyme Inhibitors",
                            "Glucosides",
                            "Glycosides",
                            "Immunosuppressive Agents",
                            "Lignans",
                            "Myelosuppressive Agents",
                            "Naphthalenes",
                            "P-glycoprotein inhibitors",
                            "P-glycoprotein substrates",
                            "Podophyllotoxin",
                            "Podophyllotoxin Derivatives",
                            "Tetrahydronaphthalenes",
                            "Topoisomerase II Inhibitors",
                            "Topoisomerase Inhibitors",
                            "UGT1A1 Substrates"
                        ],
                        "value_type_id": "biolink:Attribute",
                        "original_attribute_name": "drugbank.categories",
                        "value_url": null,
                        "attribute_source": null
                    },
                    {
                        "attribute_type_id": "EDAM:data_0006",
                        "value": [],
                        "value_type_id": "biolink:Attribute",
                        "original_attribute_name": "synonyms",
                        "value_url": null,
                        "attribute_source": null
                    },
                    {
                        "attribute_type_id": "EDAM:data_0006",
                        "value": [
                            "KEGG:C01576",
                            "HMDB:HMDB0014911",
                            "CHEMBL.COMPOUND:CHEMBL44657",
                            "PUBCHEM.COMPOUND:36462",
                            "UNII:6PLQ3CP4P3",
                            "DRUGBANK:DB00773",
                            "INCHIKEY:BZMDOLKGNLTDCV-UHFFFAOYSA-N",
                            "gtpo:6815",
                            "CHEBI:4911",
                            "MESH:D005047"
                        ],
                        "value_type_id": "biolink:Attribute",
                        "original_attribute_name": "equivalent_identifiers",
                        "value_url": null,
                        "attribute_source": null
                    },
                    {
                        "attribute_type_id": "EDAM:data_0006",
                        "value": true,
                        "value_type_id": "biolink:Attribute",
                        "original_attribute_name": "parenteral",
                        "value_url": null,
                        "attribute_source": null
                    },
                    {
                        "attribute_type_id": "EDAM:data_0006",
                        "value": true,
                        "value_type_id": "biolink:Attribute",
                        "original_attribute_name": "application",
                        "value_url": null,
                        "attribute_source": null
                    },
                    {
                        "attribute_type_id": "EDAM:data_0006",
                        "value": "etoposide",
                        "value_type_id": "biolink:Attribute",
                        "original_attribute_name": "name",
                        "value_url": null,
                        "attribute_source": null
                    },
                    {
                        "attribute_type_id": "EDAM:data_0006",
                        "value": true,
                        "value_type_id": "biolink:Attribute",
                        "original_attribute_name": "therapeutic_flag",
                        "value_url": null,
                        "attribute_source": null
                    },
                    {
                        "attribute_type_id": "EDAM:data_0006",
                        "value": false,
                        "value_type_id": "biolink:Attribute",
                        "original_attribute_name": "withdrawn_flag",
                        "value_url": null,
                        "attribute_source": null
                    },
                    {
                        "attribute_type_id": "EDAM:data_0006",
                        "value": true,
                        "value_type_id": "biolink:Attribute",
                        "original_attribute_name": "drugbank.approved",
                        "value_url": null,
                        "attribute_source": null
                    },
                    {
                        "attribute_type_id": "EDAM:data_0006",
                        "value": true,
                        "value_type_id": "biolink:Attribute",
                        "original_attribute_name": "enzyme_inhibitor",
                        "value_url": null,
                        "attribute_source": null
                    },
                    {
                        "attribute_type_id": "EDAM:data_0006",
                        "value": true,
                        "value_type_id": "biolink:Attribute",
                        "original_attribute_name": "oral",
                        "value_url": null,
                        "attribute_source": null
                    },
                    {
                        "attribute_type_id": "EDAM:data_0006",
                        "value": true,
                        "value_type_id": "biolink:Attribute",
                        "original_attribute_name": "pathway_inhibitor",
                        "value_url": null,
                        "attribute_source": null
                    },
                    {
                        "attribute_type_id": "EDAM:data_0006",
                        "value": true,
                        "value_type_id": "biolink:Attribute",
                        "original_attribute_name": "biological_role",
                        "value_url": null,
                        "attribute_source": null
                    }
                ],
                "degree": 1522
            },
            "MONDO:0007243": {
                "categories": [
                    "biolink:NamedThing",
                    "biolink:BiologicalEntity",
                    "biolink:Disease",
                    "biolink:DiseaseOrPhenotypicFeature"
                ],
                "name": "Burkitt lymphoma",
                "attributes": [
                    {
                        "attribute_type_id": "EDAM:data_0006",
                        "value": true,
                        "value_type_id": "biolink:Attribute",
                        "original_attribute_name": "post_infectious_disorder",
                        "value_url": null,
                        "attribute_source": null
                    },
                    {
                        "attribute_type_id": "EDAM:data_0006",
                        "value": [],
                        "value_type_id": "biolink:Attribute",
                        "original_attribute_name": "synonyms",
                        "value_url": null,
                        "attribute_source": null
                    },
                    {
                        "attribute_type_id": "EDAM:data_0006",
                        "value": "Burkitt lymphoma",
                        "value_type_id": "biolink:Attribute",
                        "original_attribute_name": "name",
                        "value_url": null,
                        "attribute_source": null
                    },
                    {
                        "attribute_type_id": "EDAM:data_0006",
                        "value": [
                            "MESH:D002051",
                            "UMLS:C0079770",
                            "MONDO:0007243",
                            "NCIT:C2912",
                            "SNOMEDCT:118617000",
                            "DOID:8584",
                            "MEDDRA:10053518",
                            "UMLS:C0006413",
                            "SNOMEDCT:397400006",
                            "OMIM:113970",
                            "ORPHANET:543",
                            "HP:0030080",
                            "MEDDRA:10006595",
                            "SNOMEDCT:22197008",
                            "SNOMEDCT:77381001",
                            "MEDDRA:10067184"
                        ],
                        "value_type_id": "biolink:Attribute",
                        "original_attribute_name": "equivalent_identifiers",
                        "value_url": null,
                        "attribute_source": null
                    }
                ],
                "degree": 112
            }
        },
        "edges": {
            "2ad177337d6665b9ddde6b7dc8dde45e": {
                "subject": "PUBCHEM.COMPOUND:36462",
                "object": "HP:0032155",
                "predicate": "biolink:prevents",
                "relation": null,
                "attributes": [
                    {
                        "attribute_type_id": "EDAM:data_0006",
                        "value": 0.17767,
                        "value_type_id": "biolink:Attribute",
                        "original_attribute_name": "prr",
                        "value_url": null,
                        "attribute_source": null
                    },
                    {
                        "attribute_type_id": "EDAM:data_0006",
                        "value": [
                            "prevents"
                        ],
                        "value_type_id": "biolink:Attribute",
                        "original_attribute_name": "relation_label",
                        "value_url": null,
                        "attribute_source": null
                    },
                    {
                        "attribute_type_id": "EDAM:data_0006",
                        "value": "biolink:prevents",
                        "value_type_id": "biolink:Attribute",
                        "original_attribute_name": "predicate_id",
                        "value_url": null,
                        "attribute_source": null
                    },
                    {
                        "attribute_type_id": "EDAM:data_0006",
                        "value": 0.17744000000000001,
                        "value_type_id": "biolink:Attribute",
                        "original_attribute_name": "ror",
                        "value_url": null,
                        "attribute_source": null
                    },
                    {
                        "attribute_type_id": "EDAM:data_0006",
                        "value": 19,
                        "value_type_id": "biolink:Attribute",
                        "original_attribute_name": "case_count",
                        "value_url": null,
                        "attribute_source": null
                    },
                    {
                        "attribute_type_id": "EDAM:data_0006",
                        "value": [
                            "mychem.get_adverse_events"
                        ],
                        "value_type_id": "biolink:Attribute",
                        "original_attribute_name": "edge_source",
                        "value_url": null,
                        "attribute_source": null
                    },
                    {
                        "attribute_type_id": "EDAM:data_0006",
                        "value": [
                            1595085432.040352
                        ],
                        "value_type_id": "biolink:Attribute",
                        "original_attribute_name": "ctime",
                        "value_url": null,
                        "attribute_source": null
                    },
                    {
                        "attribute_type_id": "EDAM:data_0006",
                        "value": [
                            "mychem"
                        ],
                        "value_type_id": "biolink:Attribute",
                        "original_attribute_name": "source_database",
                        "value_url": null,
                        "attribute_source": null
                    },
                    {
                        "attribute_type_id": "EDAM:data_0971",
                        "value": [],
                        "value_type_id": "biolink:Attribute",
                        "original_attribute_name": "publications",
                        "value_url": null,
                        "attribute_source": null
                    },
                    {
                        "attribute_type_id": "EDAM:data_0006",
                        "value": [
                            "RO:0002599"
                        ],
                        "value_type_id": "biolink:Attribute",
                        "original_attribute_name": "relation",
                        "value_url": null,
                        "attribute_source": null
                    }
                ]
            },
            "0a459d786dc30dca252c286b03d68d5a": {
                "subject": "MONDO:0007243",
                "object": "HP:0032155",
                "predicate": "biolink:has_phenotype",
                "relation": null,
                "attributes": [
                    {
                        "attribute_type_id": "EDAM:data_0006",
                        "value": [
                            "has phenotype"
                        ],
                        "value_type_id": "biolink:Attribute",
                        "original_attribute_name": "relation_label",
                        "value_url": null,
                        "attribute_source": null
                    },
                    {
                        "attribute_type_id": "EDAM:data_0006",
                        "value": "biolink:has_phenotype",
                        "value_type_id": "biolink:Attribute",
                        "original_attribute_name": "predicate_id",
                        "value_url": null,
                        "attribute_source": null
                    },
                    {
                        "attribute_type_id": "EDAM:data_0006",
                        "value": [
                            "biolink.disease_get_phenotype"
                        ],
                        "value_type_id": "biolink:Attribute",
                        "original_attribute_name": "edge_source",
                        "value_url": null,
                        "attribute_source": null
                    },
                    {
                        "attribute_type_id": "EDAM:data_0006",
                        "value": [
                            1585593976.5164528
                        ],
                        "value_type_id": "biolink:Attribute",
                        "original_attribute_name": "ctime",
                        "value_url": null,
                        "attribute_source": null
                    },
                    {
                        "attribute_type_id": "EDAM:data_0006",
                        "value": [
                            "biolink"
                        ],
                        "value_type_id": "biolink:Attribute",
                        "original_attribute_name": "source_database",
                        "value_url": null,
                        "attribute_source": null
                    },
                    {
                        "attribute_type_id": "EDAM:data_0971",
                        "value": [],
                        "value_type_id": "biolink:Attribute",
                        "original_attribute_name": "publications",
                        "value_url": null,
                        "attribute_source": null
                    },
                    {
                        "attribute_type_id": "EDAM:data_0006",
                        "value": [
                            "RO:0002200"
                        ],
                        "value_type_id": "biolink:Attribute",
                        "original_attribute_name": "relation",
                        "value_url": null,
                        "attribute_source": null
                    }
                ]
            }
        }
    },
    "results": [
        {
            "node_bindings": {
                "stop1": [
                    {
                        "id": "HP:0032155"
                    }
                ],
                "drug": [
                    {
                        "id": "PUBCHEM.COMPOUND:36462"
                    }
                ],
                "disease": [
                    {
                        "id": "MONDO:0007243"
                    }
                ]
            },
            "edge_bindings": {
                "leg1": [
                    {
                        "id": "2ad177337d6665b9ddde6b7dc8dde45e"
                    }
                ],
                "leg2": [
                    {
                        "id": "0a459d786dc30dca252c286b03d68d5a"
                    }
                ]
            }
        }
    ]
}