{
    "query_graph": {
        "nodes": {},
        "edges": {}
    },
    "knowledge_graph": {
        "nodes": {
            "HP:0012050": {
                "categories": [
                    "biolink:NamedThing",
                    "biolink:BiologicalEntity",
                    "biolink:DiseaseOrPhenotypicFeature",
                    "biolink:PhenotypicFeature"
                ],
                "name": "Anasarca",
                "attributes": [
                    {
                        "attribute_type_id": "EDAM:data_0006",
                        "value": [],
                        "value_type_id": "biolink:Attribute",
                        "original_attribute_name": "synonyms",
                        "value_url": null,
                        "attribute_source": null
                    },
                    {
                        "attribute_type_id": "EDAM:data_0006",
                        "value": "Anasarca",
                        "value_type_id": "biolink:Attribute",
                        "original_attribute_name": "name",
                        "value_url": null,
                        "attribute_source": null
                    },
                    {
                        "attribute_type_id": "EDAM:data_0006",
                        "value": [
                            "UMLS:C0333243",
                            "NCIT:C98811",
                            "MESH:D004487",
                            "SNOMEDCT:442433009",
                            "SNOMEDCT:16740003",
                            "SNOMEDCT:85628007",
                            "UMLS:C0151603",
                            "HP:0012050",
                            "UMLS:C0333241",
                            "SNOMEDCT:423666004",
                            "UMLS:C0013604",
                            "MEDDRA:10018092",
                            "UMLS:C0856110",
                            "UMLS:C0333244",
                            "SNOMEDCT:271808008",
                            "UMLS:C1850534",
                            "SNOMEDCT:267038008",
                            "SNOMEDCT:79654002",
                            "UMLS:C0857441",
                            "UMLS:C0238094",
                            "UMLS:C0234940",
                            "SNOMEDCT:5008001",
                            "UMLS:C0858531",
                            "SNOMEDCT:112647008",
                            "SNOMEDCT:20741006",
                            "NCIT:C80098",
                            "SNOMEDCT:56977002",
                            "MEDDRA:10030095",
                            "NCIT:C3002",
                            "SNOMEDCT:284521000",
                            "HP:0007430",
                            "UMLS:C2938876",
                            "HP:0000969"
                        ],
                        "value_type_id": "biolink:Attribute",
                        "original_attribute_name": "equivalent_identifiers",
                        "value_url": null,
                        "attribute_source": null
                    }
                ]
            },
            "PUBCHEM.COMPOUND:443967": {
                "categories": [
                    "biolink:NamedThing",
                    "biolink:BiologicalEntity",
                    "biolink:ChemicalSubstance",
                    "biolink:MolecularEntity"
                ],
                "name": "betamethasone acetate",
                "attributes": [
                    {
                        "attribute_type_id": "EDAM:data_0006",
                        "value": "C24H31FO6",
                        "value_type_id": "biolink:Attribute",
                        "original_attribute_name": "molecular_formula",
                        "value_url": null,
                        "attribute_source": null
                    },
                    {
                        "attribute_type_id": "EDAM:data_0006",
                        "value": 1,
                        "value_type_id": "biolink:Attribute",
                        "original_attribute_name": "prodrug",
                        "value_url": null,
                        "attribute_source": null
                    },
                    {
                        "attribute_type_id": "EDAM:data_0006",
                        "value": "Small molecule",
                        "value_type_id": "biolink:Attribute",
                        "original_attribute_name": "molecule_type",
                        "value_url": null,
                        "attribute_source": null
                    },
                    {
                        "attribute_type_id": "EDAM:data_0006",
                        "value": false,
                        "value_type_id": "biolink:Attribute",
                        "original_attribute_name": "topical",
                        "value_url": null,
                        "attribute_source": null
                    },
                    {
                        "attribute_type_id": "EDAM:data_0006",
                        "value": "AKUJBENLRBOFTD-QZIXMDIESA-N",
                        "value_type_id": "biolink:Attribute",
                        "original_attribute_name": "inchikey",
                        "value_url": null,
                        "attribute_source": null
                    },
                    {
                        "attribute_type_id": "EDAM:data_0006",
                        "value": 0.0,
                        "value_type_id": "biolink:Attribute",
                        "original_attribute_name": "charge",
                        "value_url": null,
                        "attribute_source": null
                    },
                    {
                        "attribute_type_id": "EDAM:data_0006",
                        "value": "InChI=1S/C24H31FO6/c1-13-9-18-17-6-5-15-10-16(27)7-8-21(15,3)23(17,25)19(28)11-22(18,4)24(13,30)20(29)12-31-14(2)26/h7-8,10,13,17-19,28,30H,5-6,9,11-12H2,1-4H3/t13-,17-,18-,19-,21-,22-,23-,24-/m0/s1",
                        "value_type_id": "biolink:Attribute",
                        "original_attribute_name": "inchi",
                        "value_url": null,
                        "attribute_source": null
                    },
                    {
                        "attribute_type_id": "EDAM:data_0006",
                        "value": "[H][C@@]12C[C@H](C)[C@](O)(C(=O)COC(C)=O)[C@@]1(C)C[C@H](O)[C@@]1(F)[C@@]2([H])CCC2=CC(=O)C=C[C@]12C",
                        "value_type_id": "biolink:Attribute",
                        "original_attribute_name": "smiles",
                        "value_url": null,
                        "attribute_source": null
                    },
                    {
                        "attribute_type_id": "EDAM:data_0006",
                        "value": [],
                        "value_type_id": "biolink:Attribute",
                        "original_attribute_name": "synonyms",
                        "value_url": null,
                        "attribute_source": null
                    },
                    {
                        "attribute_type_id": "EDAM:data_0006",
                        "value": 434.49774,
                        "value_type_id": "biolink:Attribute",
                        "original_attribute_name": "mass",
                        "value_url": null,
                        "attribute_source": null
                    },
                    {
                        "attribute_type_id": "EDAM:data_0006",
                        "value": "{'alogp': '2.47', 'aromatic_rings': 0, 'cx_logd': '2.12', 'cx_logp': '2.12', 'cx_most_apka': '12.44', 'cx_most_bpka': None, 'full_molformula': 'C24H31FO6', 'full_mwt': '434.50', 'hba': 6, 'hba_lipinski': 6, 'hbd': 2, 'hbd_lipinski': 2, 'heavy_atoms': 31, 'molecular_species': 'NEUTRAL', 'mw_freebase': '434.50', 'mw_monoisotopic': '434.2105', 'num_lipinski_ro5_violations': 0, 'num_ro5_violations': 0, 'psa': '100.90', 'qed_weighted': '0.66', 'ro3_pass': 'N', 'rtb': 3}",
                        "value_type_id": "biolink:Attribute",
                        "original_attribute_name": "molecule_properties",
                        "value_url": null,
                        "attribute_source": null
                    },
                    {
                        "attribute_type_id": "EDAM:data_0006",
                        "value": [
                            "CHEBI:31275",
                            "UNII:TI05AO53L7",
                            "CHEMBL.COMPOUND:CHEMBL1200538",
                            "PUBCHEM.COMPOUND:443967",
                            "INCHIKEY:IILCHWNVYMSNJR-UHFFFAOYSA-N",
                            "MESH:C580789"
                        ],
                        "value_type_id": "biolink:Attribute",
                        "original_attribute_name": "equivalent_identifiers",
                        "value_url": null,
                        "attribute_source": null
                    },
                    {
                        "attribute_type_id": "EDAM:data_0006",
                        "value": true,
                        "value_type_id": "biolink:Attribute",
                        "original_attribute_name": "parenteral",
                        "value_url": null,
                        "attribute_source": null
                    },
                    {
                        "attribute_type_id": "EDAM:data_0006",
                        "value": 1,
                        "value_type_id": "biolink:Attribute",
                        "original_attribute_name": "natural_product",
                        "value_url": null,
                        "attribute_source": null
                    },
                    {
                        "attribute_type_id": "EDAM:data_0006",
                        "value": "betamethasone acetate",
                        "value_type_id": "biolink:Attribute",
                        "original_attribute_name": "name",
                        "value_url": null,
                        "attribute_source": null
                    },
                    {
                        "attribute_type_id": "EDAM:data_0006",
                        "value": true,
                        "value_type_id": "biolink:Attribute",
                        "original_attribute_name": "therapeutic_flag",
                        "value_url": null,
                        "attribute_source": null
                    },
                    {
                        "attribute_type_id": "EDAM:data_0006",
                        "value": false,
                        "value_type_id": "biolink:Attribute",
                        "original_attribute_name": "withdrawn_flag",
                        "value_url": null,
                        "attribute_source": null
                    },
                    {
                        "attribute_type_id": "EDAM:data_0006",
                        "value": false,
                        "value_type_id": "biolink:Attribute",
                        "original_attribute_name": "oral",
                        "value_url": null,
                        "attribute_source": null
                    },
                    {
                        "attribute_type_id": "EDAM:data_0006",
                        "value": 434.21047,
                        "value_type_id": "biolink:Attribute",
                        "original_attribute_name": "monoisotopic_mass",
                        "value_url": null,
                        "attribute_source": null
                    }
                ]
            },
            "MONDO:0005393": {
                "categories": [
                    "biolink:NamedThing",
                    "biolink:BiologicalEntity",
                    "biolink:Disease",
                    "biolink:DiseaseOrPhenotypicFeature"
                ],
                "name": "gout",
                "attributes": [
                    {
                        "attribute_type_id": "EDAM:data_0006",
                        "value": true,
                        "value_type_id": "biolink:Attribute",
                        "original_attribute_name": "nutritional_or_metabolic_disease",
                        "value_url": null,
                        "attribute_source": null
                    },
                    {
                        "attribute_type_id": "EDAM:data_0006",
                        "value": [],
                        "value_type_id": "biolink:Attribute",
                        "original_attribute_name": "synonyms",
                        "value_url": null,
                        "attribute_source": null
                    },
                    {
                        "attribute_type_id": "EDAM:data_0006",
                        "value": "gout",
                        "value_type_id": "biolink:Attribute",
                        "original_attribute_name": "name",
                        "value_url": null,
                        "attribute_source": null
                    },
                    {
                        "attribute_type_id": "EDAM:data_0006",
                        "value": [
                            "MONDO:0005393",
                            "DOID:13189",
                            "UMLS:C0003868",
                            "UMLS:C0018099",
                            "EFO:0004274",
                            "MESH:D015210",
                            "SNOMEDCT:190828008",
                            "HP:0001997",
                            "SNOMEDCT:90560007",
                            "SNOMEDCT:170733007",
                            "NCIT:C34650",
                            "SNOMEDCT:48440001",
                            "MESH:D006073"
                        ],
                        "value_type_id": "biolink:Attribute",
                        "original_attribute_name": "equivalent_identifiers",
                        "value_url": null,
                        "attribute_source": null
                    }
                ]
            }
        },
        "edges": {
            "72145826a400b97bccee8baacf83e696": {
                "subject": "PUBCHEM.COMPOUND:443967",
                "object": "HP:0012050",
                "predicate": "biolink:contraindicated_for",
                "relation": null,
                "attributes": [
                    {
                        "attribute_type_id": "EDAM:data_0006",
                        "value": [
                            "contraindication"
                        ],
                        "value_type_id": "biolink:Attribute",
                        "original_attribute_name": "relation_label",
                        "value_url": null,
                        "attribute_source": null
                    },
                    {
                        "attribute_type_id": "EDAM:data_0006",
                        "value": "biolink:contraindicated_for",
                        "value_type_id": "biolink:Attribute",
                        "original_attribute_name": "predicate_id",
                        "value_url": null,
                        "attribute_source": null
                    },
                    {
                        "attribute_type_id": "EDAM:data_0006",
                        "value": [
                            "mychem.get_drugcentral"
                        ],
                        "value_type_id": "biolink:Attribute",
                        "original_attribute_name": "edge_source",
                        "value_url": null,
                        "attribute_source": null
                    },
                    {
                        "attribute_type_id": "EDAM:data_0006",
                        "value": [
                            1595085758.1684933
                        ],
                        "value_type_id": "biolink:Attribute",
                        "original_attribute_name": "ctime",
                        "value_url": null,
                        "attribute_source": null
                    },
                    {
                        "attribute_type_id": "EDAM:data_0006",
                        "value": [
                            "mychem"
                        ],
                        "value_type_id": "biolink:Attribute",
                        "original_attribute_name": "source_database",
                        "value_url": null,
                        "attribute_source": null
                    },
                    {
                        "attribute_type_id": "EDAM:data_0971",
                        "value": [],
                        "value_type_id": "biolink:Attribute",
                        "original_attribute_name": "publications",
                        "value_url": null,
                        "attribute_source": null
                    },
                    {
                        "attribute_type_id": "EDAM:data_0006",
                        "value": [
                            "DrugCentral:0000001"
                        ],
                        "value_type_id": "biolink:Attribute",
                        "original_attribute_name": "relation",
                        "value_url": null,
                        "attribute_source": null
                    }
                ]
            },
            "c8005fb948e8af1e3f9ab6df74a567a7": {
                "subject": "MONDO:0005393",
                "object": "HP:0012050",
                "predicate": "biolink:has_phenotype",
                "relation": null,
                "attributes": [
                    {
                        "attribute_type_id": "EDAM:data_0006",
                        "value": [
                            "PRESENTS_DpS"
                        ],
                        "value_type_id": "biolink:Attribute",
                        "original_attribute_name": "relation_label",
                        "value_url": null,
                        "attribute_source": null
                    },
                    {
                        "attribute_type_id": "EDAM:data_0006",
                        "value": "biolink:has_phenotype",
                        "value_type_id": "biolink:Attribute",
                        "original_attribute_name": "predicate_id",
                        "value_url": null,
                        "attribute_source": null
                    },
                    {
                        "attribute_type_id": "EDAM:data_0006",
                        "value": [
                            "hetio.disease_to_phenotype"
                        ],
                        "value_type_id": "biolink:Attribute",
                        "original_attribute_name": "edge_source",
                        "value_url": null,
                        "attribute_source": null
                    },
                    {
                        "attribute_type_id": "EDAM:data_0006",
                        "value": [
                            1585020885.815676
                        ],
                        "value_type_id": "biolink:Attribute",
                        "original_attribute_name": "ctime",
                        "value_url": null,
                        "attribute_source": null
                    },
                    {
                        "attribute_type_id": "EDAM:data_0006",
                        "value": [
                            "hetio"
                        ],
                        "value_type_id": "biolink:Attribute",
                        "original_attribute_name": "source_database",
                        "value_url": null,
                        "attribute_source": null
                    },
                    {
                        "attribute_type_id": "EDAM:data_0971",
                        "value": [],
                        "value_type_id": "biolink:Attribute",
                        "original_attribute_name": "publications",
                        "value_url": null,
                        "attribute_source": null
                    },
                    {
                        "attribute_type_id": "EDAM:data_0006",
                        "value": [
                            "hetio:PRESENTS_DpS"
                        ],
                        "value_type_id": "biolink:Attribute",
                        "original_attribute_name": "relation",
                        "value_url": null,
                        "attribute_source": null
                    }
                ]
            }
        }
    },
    "results": [
        {
            "node_bindings": {
                "stop1": [
                    {
                        "id": "HP:0012050"
                    }
                ],
                "drug": [
                    {
                        "id": "PUBCHEM.COMPOUND:443967"
                    }
                ],
                "disease": [
                    {
                        "id": "MONDO:0005393"
                    }
                ]
            },
            "edge_bindings": {
                "leg1": [
                    {
                        "id": "72145826a400b97bccee8baacf83e696"
                    }
                ],
                "leg2": [
                    {
                        "id": "c8005fb948e8af1e3f9ab6df74a567a7"
                    }
                ]
            }
        }
    ]
}