{
    "query_graph": {
        "nodes": {},
        "edges": {}
    },
    "knowledge_graph": {
        "nodes": {
            "HP:0031006": {
                "categories": [
                    "biolink:NamedThing",
                    "biolink:BiologicalEntity",
                    "biolink:DiseaseOrPhenotypicFeature",
                    "biolink:PhenotypicFeature"
                ],
                "name": "Acroparesthesia",
                "attributes": [
                    {
                        "attribute_type_id": "EDAM:data_0006",
                        "value": [],
                        "value_type_id": "biolink:Attribute",
                        "original_attribute_name": "synonyms",
                        "value_url": null,
                        "attribute_source": null
                    },
                    {
                        "attribute_type_id": "EDAM:data_0006",
                        "value": "Acroparesthesia",
                        "value_type_id": "biolink:Attribute",
                        "original_attribute_name": "name",
                        "value_url": null,
                        "attribute_source": null
                    },
                    {
                        "attribute_type_id": "EDAM:data_0006",
                        "value": [
                            "NCIT:C34549",
                            "SNOMEDCT:95665007",
                            "UMLS:C0542238",
                            "UMLS:C0549248",
                            "SNOMEDCT:274676007",
                            "UMLS:C1737255",
                            "SNOMEDCT:279079003",
                            "HP:0003401",
                            "SNOMEDCT:429783005",
                            "UMLS:C0234221",
                            "NCIT:C28246",
                            "UMLS:C0016579",
                            "UMLS:C0030554",
                            "UMLS:C0235053",
                            "UMLS:C4728165",
                            "UMLS:C3805254",
                            "UMLS:C4552370",
                            "HP:0031006",
                            "UMLS:C0751412",
                            "UMLS:C0877695",
                            "UMLS:C0239836",
                            "UMLS:C1736164",
                            "UMLS:C0948992",
                            "UMLS:C0239652",
                            "MEDDRA:10013886",
                            "SNOMEDCT:91019004",
                            "SNOMEDCT:309086004",
                            "SNOMEDCT:309087008",
                            "UMLS:C0587058",
                            "UMLS:C2721568",
                            "UMLS:C0151310",
                            "HP:0012534",
                            "SNOMEDCT:95673003",
                            "UMLS:C4324293",
                            "UMLS:C0235046",
                            "UMLS:C0877625",
                            "UMLS:C0392699",
                            "MEDDRA:10033775",
                            "UMLS:C2939071",
                            "UMLS:C0239385",
                            "UMLS:C0858998",
                            "UMLS:C0423572",
                            "UMLS:C4285933",
                            "UMLS:C0239591",
                            "UMLS:C1504494",
                            "UMLS:C0012766",
                            "MESH:D010292",
                            "SNOMEDCT:80910005",
                            "UMLS:C0235044",
                            "SNOMEDCT:15037002",
                            "UMLS:C0858324",
                            "SNOMEDCT:446220004",
                            "SNOMEDCT:762374005",
                            "UMLS:C1611178",
                            "SNOMEDCT:79256006",
                            "UMLS:C0239517",
                            "UMLS:C0877634",
                            "MEDDRA:10017062",
                            "NCIT:C28177",
                            "UMLS:C0235050",
                            "SNOMEDCT:62507009"
                        ],
                        "value_type_id": "biolink:Attribute",
                        "original_attribute_name": "equivalent_identifiers",
                        "value_url": null,
                        "attribute_source": null
                    }
                ],
                "degree": 488
            },
            "PUBCHEM.COMPOUND:6918493": {
                "categories": [
                    "biolink:NamedThing",
                    "biolink:BiologicalEntity",
                    "biolink:ChemicalSubstance",
                    "biolink:MolecularEntity"
                ],
                "name": "ambrisentan",
                "attributes": [
                    {
                        "attribute_type_id": "EDAM:data_0006",
                        "value": 0,
                        "value_type_id": "biolink:Attribute",
                        "original_attribute_name": "prodrug",
                        "value_url": null,
                        "attribute_source": null
                    },
                    {
                        "attribute_type_id": "EDAM:data_0006",
                        "value": "C22H22N2O4",
                        "value_type_id": "biolink:Attribute",
                        "original_attribute_name": "molecular_formula",
                        "value_url": null,
                        "attribute_source": null
                    },
                    {
                        "attribute_type_id": "EDAM:data_0006",
                        "value": "Small molecule",
                        "value_type_id": "biolink:Attribute",
                        "original_attribute_name": "molecule_type",
                        "value_url": null,
                        "attribute_source": null
                    },
                    {
                        "attribute_type_id": "EDAM:data_0006",
                        "value": false,
                        "value_type_id": "biolink:Attribute",
                        "original_attribute_name": "topical",
                        "value_url": null,
                        "attribute_source": null
                    },
                    {
                        "attribute_type_id": "EDAM:data_0006",
                        "value": "OUJTZYPIHDYQMC-LJQANCHMSA-N",
                        "value_type_id": "biolink:Attribute",
                        "original_attribute_name": "inchikey",
                        "value_url": null,
                        "attribute_source": null
                    },
                    {
                        "attribute_type_id": "EDAM:data_0006",
                        "value": 0.0,
                        "value_type_id": "biolink:Attribute",
                        "original_attribute_name": "charge",
                        "value_url": null,
                        "attribute_source": null
                    },
                    {
                        "attribute_type_id": "EDAM:data_0006",
                        "value": "InChI=1S/C22H22N2O4/c1-15-14-16(2)24-21(23-15)28-19(20(25)26)22(27-3,17-10-6-4-7-11-17)18-12-8-5-9-13-18/h4-14,19H,1-3H3,(H,25,26)/t19-/m1/s1",
                        "value_type_id": "biolink:Attribute",
                        "original_attribute_name": "inchi",
                        "value_url": null,
                        "attribute_source": null
                    },
                    {
                        "attribute_type_id": "EDAM:data_0006",
                        "value": "C([C@H](OC=1N=C(C)C=C(N1)C)C(O)=O)(OC)(C2=CC=CC=C2)C3=CC=CC=C3",
                        "value_type_id": "biolink:Attribute",
                        "original_attribute_name": "smiles",
                        "value_url": null,
                        "attribute_source": null
                    },
                    {
                        "attribute_type_id": "EDAM:data_0006",
                        "value": [
                            "Acids, Carbocyclic",
                            "Antihypertensive Agents",
                            "Antihypertensives for Pulmonary Arterial Hypertension",
                            "Cardiovascular Agents",
                            "Cytochrome P-450 CYP2C19 Substrates",
                            "Cytochrome P-450 CYP3A Substrates",
                            "Cytochrome P-450 CYP3A4 Substrates",
                            "Cytochrome P-450 CYP3A5 Substrates",
                            "Cytochrome P-450 Substrates",
                            "Endothelin Receptor Antagonists",
                            "Hypertension, Pulmonary",
                            "OATP1B1/SLCO1B1 Substrates",
                            "OATP1B3 substrates",
                            "P-glycoprotein substrates",
                            "UGT1A3 substrates",
                            "UGT1A9 Substrates",
                            "UGT2B7 substrates",
                            "Vasodilating Agents"
                        ],
                        "value_type_id": "biolink:Attribute",
                        "original_attribute_name": "drugbank.categories",
                        "value_url": null,
                        "attribute_source": null
                    },
                    {
                        "attribute_type_id": "EDAM:data_0006",
                        "value": [],
                        "value_type_id": "biolink:Attribute",
                        "original_attribute_name": "synonyms",
                        "value_url": null,
                        "attribute_source": null
                    },
                    {
                        "attribute_type_id": "EDAM:data_0006",
                        "value": 378.422,
                        "value_type_id": "biolink:Attribute",
                        "original_attribute_name": "mass",
                        "value_url": null,
                        "attribute_source": null
                    },
                    {
                        "attribute_type_id": "EDAM:data_0006",
                        "value": "{'alogp': '3.52', 'aromatic_rings': 3, 'cx_logd': '0.40', 'cx_logp': '2.97', 'cx_most_apka': '3.08', 'cx_most_bpka': '4.00', 'full_molformula': 'C22H22N2O4', 'full_mwt': '378.43', 'hba': 5, 'hba_lipinski': 6, 'hbd': 1, 'hbd_lipinski': 1, 'heavy_atoms': 28, 'molecular_species': 'ACID', 'mw_freebase': '378.43', 'mw_monoisotopic': '378.1580', 'num_lipinski_ro5_violations': 0, 'num_ro5_violations': 0, 'psa': '81.54', 'qed_weighted': '0.68', 'ro3_pass': 'N', 'rtb': 7}",
                        "value_type_id": "biolink:Attribute",
                        "original_attribute_name": "molecule_properties",
                        "value_url": null,
                        "attribute_source": null
                    },
                    {
                        "attribute_type_id": "EDAM:data_0006",
                        "value": [
                            "CHEBI:135949",
                            "CHEMBL.COMPOUND:CHEMBL1111",
                            "MESH:C467894",
                            "INCHIKEY:JVSDFDBFTAOXPS-UHFFFAOYSA-N",
                            "DRUGBANK:DB06403",
                            "UNII:HW6NV07QEC",
                            "PUBCHEM.COMPOUND:6918493",
                            "gtpo:3951"
                        ],
                        "value_type_id": "biolink:Attribute",
                        "original_attribute_name": "equivalent_identifiers",
                        "value_url": null,
                        "attribute_source": null
                    },
                    {
                        "attribute_type_id": "EDAM:data_0006",
                        "value": false,
                        "value_type_id": "biolink:Attribute",
                        "original_attribute_name": "parenteral",
                        "value_url": null,
                        "attribute_source": null
                    },
                    {
                        "attribute_type_id": "EDAM:data_0006",
                        "value": 0,
                        "value_type_id": "biolink:Attribute",
                        "original_attribute_name": "natural_product",
                        "value_url": null,
                        "attribute_source": null
                    },
                    {
                        "attribute_type_id": "EDAM:data_0006",
                        "value": "ambrisentan",
                        "value_type_id": "biolink:Attribute",
                        "original_attribute_name": "name",
                        "value_url": null,
                        "attribute_source": null
                    },
                    {
                        "attribute_type_id": "EDAM:data_0006",
                        "value": true,
                        "value_type_id": "biolink:Attribute",
                        "original_attribute_name": "therapeutic_flag",
                        "value_url": null,
                        "attribute_source": null
                    },
                    {
                        "attribute_type_id": "EDAM:data_0006",
                        "value": false,
                        "value_type_id": "biolink:Attribute",
                        "original_attribute_name": "withdrawn_flag",
                        "value_url": null,
                        "attribute_source": null
                    },
                    {
                        "attribute_type_id": "EDAM:data_0006",
                        "value": true,
                        "value_type_id": "biolink:Attribute",
                        "original_attribute_name": "drugbank.investigational",
                        "value_url": null,
                        "attribute_source": null
                    },
                    {
                        "attribute_type_id": "EDAM:data_0006",
                        "value": true,
                        "value_type_id": "biolink:Attribute",
                        "original_attribute_name": "oral",
                        "value_url": null,
                        "attribute_source": null
                    },
                    {
                        "attribute_type_id": "EDAM:data_0006",
                        "value": 378.15796,
                        "value_type_id": "biolink:Attribute",
                        "original_attribute_name": "monoisotopic_mass",
                        "value_url": null,
                        "attribute_source": null
                    },
                    {
                        "attribute_type_id": "EDAM:data_0006",
                        "value": true,
                        "value_type_id": "biolink:Attribute",
                        "original_attribute_name": "drugbank.approved",
                        "value_url": null,
                        "attribute_source": null
                    }
                ],
                "degree": 735
            },
            "MONDO:0005100": {
                "categories": [
                    "biolink:NamedThing",
                    "biolink:BiologicalEntity",
                    "biolink:Disease",
                    "biolink:DiseaseOrPhenotypicFeature"
                ],
                "name": "systemic sclerosis",
                "attributes": [
                    {
                        "attribute_type_id": "EDAM:data_0006",
                        "value": [],
                        "value_type_id": "biolink:Attribute",
                        "original_attribute_name": "synonyms",
                        "value_url": null,
                        "attribute_source": null
                    },
                    {
                        "attribute_type_id": "EDAM:data_0006",
                        "value": "systemic sclerosis",
                        "value_type_id": "biolink:Attribute",
                        "original_attribute_name": "name",
                        "value_url": null,
                        "attribute_source": null
                    },
                    {
                        "attribute_type_id": "EDAM:data_0006",
                        "value": true,
                        "value_type_id": "biolink:Attribute",
                        "original_attribute_name": "systemic_or_rheumatic_disease",
                        "value_url": null,
                        "attribute_source": null
                    },
                    {
                        "attribute_type_id": "EDAM:data_0006",
                        "value": [
                            "MEDDRA:10042953",
                            "UMLS:CN206012",
                            "ORPHANET:90291",
                            "SNOMEDCT:89155008",
                            "DOID:418",
                            "MONDO:0005100",
                            "NCIT:C72070",
                            "MESH:D012595",
                            "UMLS:C0700318",
                            "EFO:0000717"
                        ],
                        "value_type_id": "biolink:Attribute",
                        "original_attribute_name": "equivalent_identifiers",
                        "value_url": null,
                        "attribute_source": null
                    }
                ],
                "degree": 926
            }
        },
        "edges": {
            "cfec6bbcd0021ed489e610a193732417": {
                "subject": "PUBCHEM.COMPOUND:6918493",
                "object": "HP:0031006",
                "predicate": "biolink:prevents",
                "relation": null,
                "attributes": [
                    {
                        "attribute_type_id": "EDAM:data_0006",
                        "value": 0.36851999999999996,
                        "value_type_id": "biolink:Attribute",
                        "original_attribute_name": "prr",
                        "value_url": null,
                        "attribute_source": null
                    },
                    {
                        "attribute_type_id": "EDAM:data_0006",
                        "value": [
                            "prevents"
                        ],
                        "value_type_id": "biolink:Attribute",
                        "original_attribute_name": "relation_label",
                        "value_url": null,
                        "attribute_source": null
                    },
                    {
                        "attribute_type_id": "EDAM:data_0006",
                        "value": "biolink:prevents",
                        "value_type_id": "biolink:Attribute",
                        "original_attribute_name": "predicate_id",
                        "value_url": null,
                        "attribute_source": null
                    },
                    {
                        "attribute_type_id": "EDAM:data_0006",
                        "value": 0.36785,
                        "value_type_id": "biolink:Attribute",
                        "original_attribute_name": "ror",
                        "value_url": null,
                        "attribute_source": null
                    },
                    {
                        "attribute_type_id": "EDAM:data_0006",
                        "value": 103,
                        "value_type_id": "biolink:Attribute",
                        "original_attribute_name": "case_count",
                        "value_url": null,
                        "attribute_source": null
                    },
                    {
                        "attribute_type_id": "EDAM:data_0006",
                        "value": [
                            "mychem.get_adverse_events"
                        ],
                        "value_type_id": "biolink:Attribute",
                        "original_attribute_name": "edge_source",
                        "value_url": null,
                        "attribute_source": null
                    },
                    {
                        "attribute_type_id": "EDAM:data_0006",
                        "value": [
                            1595085687.5386348
                        ],
                        "value_type_id": "biolink:Attribute",
                        "original_attribute_name": "ctime",
                        "value_url": null,
                        "attribute_source": null
                    },
                    {
                        "attribute_type_id": "EDAM:data_0006",
                        "value": [
                            "mychem"
                        ],
                        "value_type_id": "biolink:Attribute",
                        "original_attribute_name": "source_database",
                        "value_url": null,
                        "attribute_source": null
                    },
                    {
                        "attribute_type_id": "EDAM:data_0971",
                        "value": [],
                        "value_type_id": "biolink:Attribute",
                        "original_attribute_name": "publications",
                        "value_url": null,
                        "attribute_source": null
                    },
                    {
                        "attribute_type_id": "EDAM:data_0006",
                        "value": [
                            "RO:0002599"
                        ],
                        "value_type_id": "biolink:Attribute",
                        "original_attribute_name": "relation",
                        "value_url": null,
                        "attribute_source": null
                    }
                ]
            },
            "1a6a865e9c41534e17156deb18849b7e": {
                "subject": "MONDO:0005100",
                "object": "HP:0031006",
                "predicate": "biolink:has_phenotype",
                "relation": null,
                "attributes": [
                    {
                        "attribute_type_id": "EDAM:data_0006",
                        "value": [
                            "PRESENTS_DpS"
                        ],
                        "value_type_id": "biolink:Attribute",
                        "original_attribute_name": "relation_label",
                        "value_url": null,
                        "attribute_source": null
                    },
                    {
                        "attribute_type_id": "EDAM:data_0006",
                        "value": "biolink:has_phenotype",
                        "value_type_id": "biolink:Attribute",
                        "original_attribute_name": "predicate_id",
                        "value_url": null,
                        "attribute_source": null
                    },
                    {
                        "attribute_type_id": "EDAM:data_0006",
                        "value": [
                            "hetio.disease_to_phenotype"
                        ],
                        "value_type_id": "biolink:Attribute",
                        "original_attribute_name": "edge_source",
                        "value_url": null,
                        "attribute_source": null
                    },
                    {
                        "attribute_type_id": "EDAM:data_0006",
                        "value": [
                            1595079439.881839
                        ],
                        "value_type_id": "biolink:Attribute",
                        "original_attribute_name": "ctime",
                        "value_url": null,
                        "attribute_source": null
                    },
                    {
                        "attribute_type_id": "EDAM:data_0006",
                        "value": [
                            "hetio"
                        ],
                        "value_type_id": "biolink:Attribute",
                        "original_attribute_name": "source_database",
                        "value_url": null,
                        "attribute_source": null
                    },
                    {
                        "attribute_type_id": "EDAM:data_0971",
                        "value": [],
                        "value_type_id": "biolink:Attribute",
                        "original_attribute_name": "publications",
                        "value_url": null,
                        "attribute_source": null
                    },
                    {
                        "attribute_type_id": "EDAM:data_0006",
                        "value": [
                            "hetio:PRESENTS_DpS"
                        ],
                        "value_type_id": "biolink:Attribute",
                        "original_attribute_name": "relation",
                        "value_url": null,
                        "attribute_source": null
                    }
                ]
            }
        }
    },
    "results": [
        {
            "node_bindings": {
                "stop1": [
                    {
                        "id": "HP:0031006"
                    }
                ],
                "drug": [
                    {
                        "id": "PUBCHEM.COMPOUND:6918493"
                    }
                ],
                "disease": [
                    {
                        "id": "MONDO:0005100"
                    }
                ]
            },
            "edge_bindings": {
                "leg1": [
                    {
                        "id": "cfec6bbcd0021ed489e610a193732417"
                    }
                ],
                "leg2": [
                    {
                        "id": "1a6a865e9c41534e17156deb18849b7e"
                    }
                ]
            }
        }
    ]
}