{
    "query_graph": {
        "nodes": {},
        "edges": {}
    },
    "knowledge_graph": {
        "nodes": {
            "MONDO:0006731": {
                "categories": [
                    "biolink:NamedThing",
                    "biolink:BiologicalEntity",
                    "biolink:Disease",
                    "biolink:DiseaseOrPhenotypicFeature"
                ],
                "name": "drug-induced akathisia",
                "attributes": [
                    {
                        "attribute_type_id": "EDAM:data_0006",
                        "value": true,
                        "value_type_id": "biolink:Attribute",
                        "original_attribute_name": "radiation_of_chemically_induced_disorder",
                        "value_url": null,
                        "attribute_source": null
                    },
                    {
                        "attribute_type_id": "EDAM:data_0006",
                        "value": [],
                        "value_type_id": "biolink:Attribute",
                        "original_attribute_name": "synonyms",
                        "value_url": null,
                        "attribute_source": null
                    },
                    {
                        "attribute_type_id": "EDAM:data_0006",
                        "value": "drug-induced akathisia",
                        "value_type_id": "biolink:Attribute",
                        "original_attribute_name": "name",
                        "value_url": null,
                        "attribute_source": null
                    },
                    {
                        "attribute_type_id": "EDAM:data_0006",
                        "value": [
                            "MEDDRA:10037211",
                            "UMLS:C0427209",
                            "SNOMEDCT:203095000",
                            "UMLS:C0443272",
                            "UMLS:C0474395",
                            "UMLS:C0917812",
                            "NCIT:C34827",
                            "UMLS:C0270224",
                            "MESH:D009120",
                            "UMLS:C0853903",
                            "MESH:D013746",
                            "UMLS:C0877616",
                            "UMLS:C0178422",
                            "SNOMEDCT:230333002",
                            "UMLS:C0235008",
                            "UMLS:C0151940",
                            "NCIT:C34517",
                            "SNOMEDCT:44548000",
                            "SNOMEDCT:28277004",
                            "MESH:D017109",
                            "UMLS:C0162549",
                            "SNOMEDCT:10629009",
                            "UMLS:C0751647",
                            "UMLS:C0235007",
                            "SNOMEDCT:47295007",
                            "UMLS:C0238738",
                            "UMLS:C0858716",
                            "UMLS:C1536696",
                            "HP:0003394",
                            "UMLS:C0151911",
                            "UMLS:C1168267",
                            "NCIT:C78163",
                            "NCIT:C116575",
                            "UMLS:C3887506",
                            "UMLS:C0231785",
                            "UMLS:C0037768",
                            "SNOMEDCT:190869004",
                            "UMLS:C0235012",
                            "MESH:D006948",
                            "UMLS:C0856965",
                            "HP:0000752",
                            "MEDDRA:10028334",
                            "UMLS:C0162550",
                            "UMLS:C0037763",
                            "UMLS:C3887612",
                            "UMLS:C0858783",
                            "UMLS:C4524142",
                            "UMLS:C0860058",
                            "UMLS:C0424295",
                            "UMLS:C0392156",
                            "UMLS:C0751217",
                            "UMLS:C0039621",
                            "UMLS:C0858719",
                            "HP:0031943",
                            "MESH:D013035",
                            "NCIT:C114789",
                            "UMLS:C4728107",
                            "MESH:D011595",
                            "SNOMEDCT:424647005",
                            "UMLS:C0277842",
                            "UMLS:C0948825",
                            "MEDDRA:10043380",
                            "SNOMEDCT:95715007",
                            "UMLS:C0854516",
                            "SNOMEDCT:285145004",
                            "MEDDRA:10020651",
                            "UMLS:C4523841",
                            "UMLS:C0795701",
                            "SNOMEDCT:263829006",
                            "SNOMEDCT:75140002",
                            "UMLS:C0858779",
                            "SNOMEDCT:45352006",
                            "HP:0003472",
                            "MONDO:0006731",
                            "SNOMEDCT:55300003",
                            "MEDDRA:10057037",
                            "UMLS:C0235229",
                            "SNOMEDCT:250082003",
                            "HP:0001281",
                            "UMLS:C0010263",
                            "UMLS:C0023218",
                            "NCIT:C117164",
                            "EFO:1000903",
                            "UMLS:C0026821",
                            "SNOMEDCT:80241001",
                            "SNOMEDCT:102551008",
                            "HP:0002487"
                        ],
                        "value_type_id": "biolink:Attribute",
                        "original_attribute_name": "equivalent_identifiers",
                        "value_url": null,
                        "attribute_source": null
                    }
                ],
                "degree": 1200
            },
            "PUBCHEM.COMPOUND:6918493": {
                "categories": [
                    "biolink:NamedThing",
                    "biolink:BiologicalEntity",
                    "biolink:ChemicalSubstance",
                    "biolink:MolecularEntity"
                ],
                "name": "ambrisentan",
                "attributes": [
                    {
                        "attribute_type_id": "EDAM:data_0006",
                        "value": 0,
                        "value_type_id": "biolink:Attribute",
                        "original_attribute_name": "prodrug",
                        "value_url": null,
                        "attribute_source": null
                    },
                    {
                        "attribute_type_id": "EDAM:data_0006",
                        "value": "C22H22N2O4",
                        "value_type_id": "biolink:Attribute",
                        "original_attribute_name": "molecular_formula",
                        "value_url": null,
                        "attribute_source": null
                    },
                    {
                        "attribute_type_id": "EDAM:data_0006",
                        "value": "Small molecule",
                        "value_type_id": "biolink:Attribute",
                        "original_attribute_name": "molecule_type",
                        "value_url": null,
                        "attribute_source": null
                    },
                    {
                        "attribute_type_id": "EDAM:data_0006",
                        "value": false,
                        "value_type_id": "biolink:Attribute",
                        "original_attribute_name": "topical",
                        "value_url": null,
                        "attribute_source": null
                    },
                    {
                        "attribute_type_id": "EDAM:data_0006",
                        "value": "OUJTZYPIHDYQMC-LJQANCHMSA-N",
                        "value_type_id": "biolink:Attribute",
                        "original_attribute_name": "inchikey",
                        "value_url": null,
                        "attribute_source": null
                    },
                    {
                        "attribute_type_id": "EDAM:data_0006",
                        "value": 0.0,
                        "value_type_id": "biolink:Attribute",
                        "original_attribute_name": "charge",
                        "value_url": null,
                        "attribute_source": null
                    },
                    {
                        "attribute_type_id": "EDAM:data_0006",
                        "value": "InChI=1S/C22H22N2O4/c1-15-14-16(2)24-21(23-15)28-19(20(25)26)22(27-3,17-10-6-4-7-11-17)18-12-8-5-9-13-18/h4-14,19H,1-3H3,(H,25,26)/t19-/m1/s1",
                        "value_type_id": "biolink:Attribute",
                        "original_attribute_name": "inchi",
                        "value_url": null,
                        "attribute_source": null
                    },
                    {
                        "attribute_type_id": "EDAM:data_0006",
                        "value": "C([C@H](OC=1N=C(C)C=C(N1)C)C(O)=O)(OC)(C2=CC=CC=C2)C3=CC=CC=C3",
                        "value_type_id": "biolink:Attribute",
                        "original_attribute_name": "smiles",
                        "value_url": null,
                        "attribute_source": null
                    },
                    {
                        "attribute_type_id": "EDAM:data_0006",
                        "value": [
                            "Acids, Carbocyclic",
                            "Antihypertensive Agents",
                            "Antihypertensives for Pulmonary Arterial Hypertension",
                            "Cardiovascular Agents",
                            "Cytochrome P-450 CYP2C19 Substrates",
                            "Cytochrome P-450 CYP3A Substrates",
                            "Cytochrome P-450 CYP3A4 Substrates",
                            "Cytochrome P-450 CYP3A5 Substrates",
                            "Cytochrome P-450 Substrates",
                            "Endothelin Receptor Antagonists",
                            "Hypertension, Pulmonary",
                            "OATP1B1/SLCO1B1 Substrates",
                            "OATP1B3 substrates",
                            "P-glycoprotein substrates",
                            "UGT1A3 substrates",
                            "UGT1A9 Substrates",
                            "UGT2B7 substrates",
                            "Vasodilating Agents"
                        ],
                        "value_type_id": "biolink:Attribute",
                        "original_attribute_name": "drugbank.categories",
                        "value_url": null,
                        "attribute_source": null
                    },
                    {
                        "attribute_type_id": "EDAM:data_0006",
                        "value": [],
                        "value_type_id": "biolink:Attribute",
                        "original_attribute_name": "synonyms",
                        "value_url": null,
                        "attribute_source": null
                    },
                    {
                        "attribute_type_id": "EDAM:data_0006",
                        "value": 378.422,
                        "value_type_id": "biolink:Attribute",
                        "original_attribute_name": "mass",
                        "value_url": null,
                        "attribute_source": null
                    },
                    {
                        "attribute_type_id": "EDAM:data_0006",
                        "value": "{'alogp': '3.52', 'aromatic_rings': 3, 'cx_logd': '0.40', 'cx_logp': '2.97', 'cx_most_apka': '3.08', 'cx_most_bpka': '4.00', 'full_molformula': 'C22H22N2O4', 'full_mwt': '378.43', 'hba': 5, 'hba_lipinski': 6, 'hbd': 1, 'hbd_lipinski': 1, 'heavy_atoms': 28, 'molecular_species': 'ACID', 'mw_freebase': '378.43', 'mw_monoisotopic': '378.1580', 'num_lipinski_ro5_violations': 0, 'num_ro5_violations': 0, 'psa': '81.54', 'qed_weighted': '0.68', 'ro3_pass': 'N', 'rtb': 7}",
                        "value_type_id": "biolink:Attribute",
                        "original_attribute_name": "molecule_properties",
                        "value_url": null,
                        "attribute_source": null
                    },
                    {
                        "attribute_type_id": "EDAM:data_0006",
                        "value": [
                            "CHEBI:135949",
                            "CHEMBL.COMPOUND:CHEMBL1111",
                            "MESH:C467894",
                            "INCHIKEY:JVSDFDBFTAOXPS-UHFFFAOYSA-N",
                            "DRUGBANK:DB06403",
                            "UNII:HW6NV07QEC",
                            "PUBCHEM.COMPOUND:6918493",
                            "gtpo:3951"
                        ],
                        "value_type_id": "biolink:Attribute",
                        "original_attribute_name": "equivalent_identifiers",
                        "value_url": null,
                        "attribute_source": null
                    },
                    {
                        "attribute_type_id": "EDAM:data_0006",
                        "value": false,
                        "value_type_id": "biolink:Attribute",
                        "original_attribute_name": "parenteral",
                        "value_url": null,
                        "attribute_source": null
                    },
                    {
                        "attribute_type_id": "EDAM:data_0006",
                        "value": 0,
                        "value_type_id": "biolink:Attribute",
                        "original_attribute_name": "natural_product",
                        "value_url": null,
                        "attribute_source": null
                    },
                    {
                        "attribute_type_id": "EDAM:data_0006",
                        "value": "ambrisentan",
                        "value_type_id": "biolink:Attribute",
                        "original_attribute_name": "name",
                        "value_url": null,
                        "attribute_source": null
                    },
                    {
                        "attribute_type_id": "EDAM:data_0006",
                        "value": true,
                        "value_type_id": "biolink:Attribute",
                        "original_attribute_name": "therapeutic_flag",
                        "value_url": null,
                        "attribute_source": null
                    },
                    {
                        "attribute_type_id": "EDAM:data_0006",
                        "value": false,
                        "value_type_id": "biolink:Attribute",
                        "original_attribute_name": "withdrawn_flag",
                        "value_url": null,
                        "attribute_source": null
                    },
                    {
                        "attribute_type_id": "EDAM:data_0006",
                        "value": true,
                        "value_type_id": "biolink:Attribute",
                        "original_attribute_name": "drugbank.investigational",
                        "value_url": null,
                        "attribute_source": null
                    },
                    {
                        "attribute_type_id": "EDAM:data_0006",
                        "value": true,
                        "value_type_id": "biolink:Attribute",
                        "original_attribute_name": "oral",
                        "value_url": null,
                        "attribute_source": null
                    },
                    {
                        "attribute_type_id": "EDAM:data_0006",
                        "value": 378.15796,
                        "value_type_id": "biolink:Attribute",
                        "original_attribute_name": "monoisotopic_mass",
                        "value_url": null,
                        "attribute_source": null
                    },
                    {
                        "attribute_type_id": "EDAM:data_0006",
                        "value": true,
                        "value_type_id": "biolink:Attribute",
                        "original_attribute_name": "drugbank.approved",
                        "value_url": null,
                        "attribute_source": null
                    }
                ],
                "degree": 735
            },
            "MONDO:0005100": {
                "categories": [
                    "biolink:NamedThing",
                    "biolink:BiologicalEntity",
                    "biolink:Disease",
                    "biolink:DiseaseOrPhenotypicFeature"
                ],
                "name": "systemic sclerosis",
                "attributes": [
                    {
                        "attribute_type_id": "EDAM:data_0006",
                        "value": [],
                        "value_type_id": "biolink:Attribute",
                        "original_attribute_name": "synonyms",
                        "value_url": null,
                        "attribute_source": null
                    },
                    {
                        "attribute_type_id": "EDAM:data_0006",
                        "value": "systemic sclerosis",
                        "value_type_id": "biolink:Attribute",
                        "original_attribute_name": "name",
                        "value_url": null,
                        "attribute_source": null
                    },
                    {
                        "attribute_type_id": "EDAM:data_0006",
                        "value": true,
                        "value_type_id": "biolink:Attribute",
                        "original_attribute_name": "systemic_or_rheumatic_disease",
                        "value_url": null,
                        "attribute_source": null
                    },
                    {
                        "attribute_type_id": "EDAM:data_0006",
                        "value": [
                            "MEDDRA:10042953",
                            "UMLS:CN206012",
                            "ORPHANET:90291",
                            "SNOMEDCT:89155008",
                            "DOID:418",
                            "MONDO:0005100",
                            "NCIT:C72070",
                            "MESH:D012595",
                            "UMLS:C0700318",
                            "EFO:0000717"
                        ],
                        "value_type_id": "biolink:Attribute",
                        "original_attribute_name": "equivalent_identifiers",
                        "value_url": null,
                        "attribute_source": null
                    }
                ],
                "degree": 926
            }
        },
        "edges": {
            "652f539ea4e35693c921e842095a4f23": {
                "subject": "PUBCHEM.COMPOUND:6918493",
                "object": "MONDO:0006731",
                "predicate": "biolink:prevents",
                "relation": null,
                "attributes": [
                    {
                        "attribute_type_id": "EDAM:data_0006",
                        "value": 0.65569,
                        "value_type_id": "biolink:Attribute",
                        "original_attribute_name": "prr",
                        "value_url": null,
                        "attribute_source": null
                    },
                    {
                        "attribute_type_id": "EDAM:data_0006",
                        "value": [
                            "prevents"
                        ],
                        "value_type_id": "biolink:Attribute",
                        "original_attribute_name": "relation_label",
                        "value_url": null,
                        "attribute_source": null
                    },
                    {
                        "attribute_type_id": "EDAM:data_0006",
                        "value": "biolink:prevents",
                        "value_type_id": "biolink:Attribute",
                        "original_attribute_name": "predicate_id",
                        "value_url": null,
                        "attribute_source": null
                    },
                    {
                        "attribute_type_id": "EDAM:data_0006",
                        "value": 0.65504,
                        "value_type_id": "biolink:Attribute",
                        "original_attribute_name": "ror",
                        "value_url": null,
                        "attribute_source": null
                    },
                    {
                        "attribute_type_id": "EDAM:data_0006",
                        "value": 183,
                        "value_type_id": "biolink:Attribute",
                        "original_attribute_name": "case_count",
                        "value_url": null,
                        "attribute_source": null
                    },
                    {
                        "attribute_type_id": "EDAM:data_0006",
                        "value": [
                            "mychem.get_adverse_events"
                        ],
                        "value_type_id": "biolink:Attribute",
                        "original_attribute_name": "edge_source",
                        "value_url": null,
                        "attribute_source": null
                    },
                    {
                        "attribute_type_id": "EDAM:data_0006",
                        "value": [
                            1595079869.5002809
                        ],
                        "value_type_id": "biolink:Attribute",
                        "original_attribute_name": "ctime",
                        "value_url": null,
                        "attribute_source": null
                    },
                    {
                        "attribute_type_id": "EDAM:data_0006",
                        "value": [
                            "mychem"
                        ],
                        "value_type_id": "biolink:Attribute",
                        "original_attribute_name": "source_database",
                        "value_url": null,
                        "attribute_source": null
                    },
                    {
                        "attribute_type_id": "EDAM:data_0971",
                        "value": [],
                        "value_type_id": "biolink:Attribute",
                        "original_attribute_name": "publications",
                        "value_url": null,
                        "attribute_source": null
                    },
                    {
                        "attribute_type_id": "EDAM:data_0006",
                        "value": [
                            "RO:0002599"
                        ],
                        "value_type_id": "biolink:Attribute",
                        "original_attribute_name": "relation",
                        "value_url": null,
                        "attribute_source": null
                    }
                ]
            },
            "fd236d098c8185d83358fd431df014cc": {
                "subject": "MONDO:0005100",
                "object": "MONDO:0006731",
                "predicate": "biolink:has_phenotype",
                "relation": null,
                "attributes": [
                    {
                        "attribute_type_id": "EDAM:data_0006",
                        "value": [
                            "PRESENTS_DpS"
                        ],
                        "value_type_id": "biolink:Attribute",
                        "original_attribute_name": "relation_label",
                        "value_url": null,
                        "attribute_source": null
                    },
                    {
                        "attribute_type_id": "EDAM:data_0006",
                        "value": "biolink:has_phenotype",
                        "value_type_id": "biolink:Attribute",
                        "original_attribute_name": "predicate_id",
                        "value_url": null,
                        "attribute_source": null
                    },
                    {
                        "attribute_type_id": "EDAM:data_0006",
                        "value": [
                            "hetio.disease_to_phenotype"
                        ],
                        "value_type_id": "biolink:Attribute",
                        "original_attribute_name": "edge_source",
                        "value_url": null,
                        "attribute_source": null
                    },
                    {
                        "attribute_type_id": "EDAM:data_0006",
                        "value": [
                            1595079051.984308
                        ],
                        "value_type_id": "biolink:Attribute",
                        "original_attribute_name": "ctime",
                        "value_url": null,
                        "attribute_source": null
                    },
                    {
                        "attribute_type_id": "EDAM:data_0006",
                        "value": [
                            "hetio"
                        ],
                        "value_type_id": "biolink:Attribute",
                        "original_attribute_name": "source_database",
                        "value_url": null,
                        "attribute_source": null
                    },
                    {
                        "attribute_type_id": "EDAM:data_0971",
                        "value": [],
                        "value_type_id": "biolink:Attribute",
                        "original_attribute_name": "publications",
                        "value_url": null,
                        "attribute_source": null
                    },
                    {
                        "attribute_type_id": "EDAM:data_0006",
                        "value": [
                            "hetio:PRESENTS_DpS"
                        ],
                        "value_type_id": "biolink:Attribute",
                        "original_attribute_name": "relation",
                        "value_url": null,
                        "attribute_source": null
                    }
                ]
            }
        }
    },
    "results": [
        {
            "node_bindings": {
                "stop1": [
                    {
                        "id": "MONDO:0006731"
                    }
                ],
                "drug": [
                    {
                        "id": "PUBCHEM.COMPOUND:6918493"
                    }
                ],
                "disease": [
                    {
                        "id": "MONDO:0005100"
                    }
                ]
            },
            "edge_bindings": {
                "leg1": [
                    {
                        "id": "652f539ea4e35693c921e842095a4f23"
                    }
                ],
                "leg2": [
                    {
                        "id": "fd236d098c8185d83358fd431df014cc"
                    }
                ]
            }
        }
    ]
}