{
    "query_graph": {
        "nodes": {},
        "edges": {}
    },
    "knowledge_graph": {
        "nodes": {
            "HP:0002367": {
                "categories": [
                    "biolink:NamedThing",
                    "biolink:BiologicalEntity",
                    "biolink:DiseaseOrPhenotypicFeature",
                    "biolink:PhenotypicFeature"
                ],
                "name": "Visual hallucinations",
                "attributes": [
                    {
                        "attribute_type_id": "EDAM:data_0006",
                        "value": [
                            "Sensory hallucination",
                            "Hallucination",
                            "Hallucinations"
                        ],
                        "value_type_id": "biolink:Attribute",
                        "original_attribute_name": "synonyms",
                        "value_url": null,
                        "attribute_source": null
                    },
                    {
                        "attribute_type_id": "EDAM:data_0006",
                        "value": "Visual hallucinations",
                        "value_type_id": "biolink:Attribute",
                        "original_attribute_name": "name",
                        "value_url": null,
                        "attribute_source": null
                    },
                    {
                        "attribute_type_id": "EDAM:data_0006",
                        "value": [
                            "UMLS:C0029226",
                            "UMLS:C3897819",
                            "SNOMEDCT:7011001",
                            "UMLS:C0544668",
                            "UMLS:C0424072",
                            "SNOMEDCT:247733004",
                            "UMLS:C0233766",
                            "SNOMEDCT:247730001",
                            "UMLS:C0563661",
                            "HP:0000738",
                            "SNOMEDCT:762620006",
                            "UMLS:C0233763",
                            "NCIT:C118178",
                            "UMLS:C0751176",
                            "HP:0008765",
                            "MEDDRA:10019063",
                            "MEDDRA:10019071",
                            "SNOMEDCT:57095008",
                            "NCIT:C118176",
                            "UMLS:C0233776",
                            "UMLS:C0233775",
                            "UMLS:C0018524",
                            "UMLS:C0853944",
                            "SNOMEDCT:64269007",
                            "SNOMEDCT:57553009",
                            "UMLS:C2721589",
                            "MEDDRA:10062684",
                            "MEDDRA:10020927",
                            "SNOMEDCT:285799000",
                            "NCIT:C37961",
                            "MEDDRA:10019072",
                            "SNOMEDCT:26433004",
                            "UMLS:C0424082",
                            "SNOMEDCT:69690008",
                            "UMLS:C0233759",
                            "MEDDRA:10019074",
                            "SNOMEDCT:191486006",
                            "SNOMEDCT:29139005",
                            "SNOMEDCT:247734005",
                            "UMLS:C0233774",
                            "UMLS:C0424083",
                            "SNOMEDCT:66609003",
                            "UMLS:C0751175",
                            "UMLS:C0233758",
                            "MEDDRA:10019070",
                            "NCIT:C118175",
                            "UMLS:C0563608",
                            "HP:0002519",
                            "NCIT:C118174",
                            "SNOMEDCT:285744009",
                            "SNOMEDCT:45150006",
                            "NCIT:C118177",
                            "HP:0006896",
                            "UMLS:C1456732",
                            "UMLS:C0424068",
                            "UMLS:C0233773",
                            "HP:0011160",
                            "UMLS:C0233765",
                            "UMLS:C0233762",
                            "SNOMEDCT:247744007",
                            "UMLS:C0424071",
                            "UMLS:C0858844",
                            "MEDDRA:10019075",
                            "UMLS:C0233767",
                            "SNOMEDCT:44780000",
                            "SNOMEDCT:39672001",
                            "SNOMEDCT:61199005",
                            "UMLS:C0235153",
                            "HP:0002367",
                            "MESH:D006212",
                            "NCIT:C118179"
                        ],
                        "value_type_id": "biolink:Attribute",
                        "original_attribute_name": "equivalent_identifiers",
                        "value_url": null,
                        "attribute_source": null
                    }
                ],
                "degree": 658
            },
            "PUBCHEM.COMPOUND:213046": {
                "categories": [
                    "biolink:NamedThing",
                    "biolink:BiologicalEntity",
                    "biolink:ChemicalSubstance",
                    "biolink:MolecularEntity"
                ],
                "name": "lurasidone",
                "attributes": [
                    {
                        "attribute_type_id": "EDAM:data_0006",
                        "value": 0,
                        "value_type_id": "biolink:Attribute",
                        "original_attribute_name": "prodrug",
                        "value_url": null,
                        "attribute_source": null
                    },
                    {
                        "attribute_type_id": "EDAM:data_0006",
                        "value": true,
                        "value_type_id": "biolink:Attribute",
                        "original_attribute_name": "second_generation_antipsychotic",
                        "value_url": null,
                        "attribute_source": null
                    },
                    {
                        "attribute_type_id": "EDAM:data_0006",
                        "value": true,
                        "value_type_id": "biolink:Attribute",
                        "original_attribute_name": "pharmaceutical",
                        "value_url": null,
                        "attribute_source": null
                    },
                    {
                        "attribute_type_id": "EDAM:data_0006",
                        "value": "Small molecule",
                        "value_type_id": "biolink:Attribute",
                        "original_attribute_name": "molecule_type",
                        "value_url": null,
                        "attribute_source": null
                    },
                    {
                        "attribute_type_id": "EDAM:data_0006",
                        "value": false,
                        "value_type_id": "biolink:Attribute",
                        "original_attribute_name": "topical",
                        "value_url": null,
                        "attribute_source": null
                    },
                    {
                        "attribute_type_id": "EDAM:data_0006",
                        "value": true,
                        "value_type_id": "biolink:Attribute",
                        "original_attribute_name": "role",
                        "value_url": null,
                        "attribute_source": null
                    },
                    {
                        "attribute_type_id": "EDAM:data_0006",
                        "value": true,
                        "value_type_id": "biolink:Attribute",
                        "original_attribute_name": "Bronsted_base",
                        "value_url": null,
                        "attribute_source": null
                    },
                    {
                        "attribute_type_id": "EDAM:data_0006",
                        "value": true,
                        "value_type_id": "biolink:Attribute",
                        "original_attribute_name": "dopaminergic_antagonist",
                        "value_url": null,
                        "attribute_source": null
                    },
                    {
                        "attribute_type_id": "EDAM:data_0006",
                        "value": true,
                        "value_type_id": "biolink:Attribute",
                        "original_attribute_name": "antipsychotic_agent",
                        "value_url": null,
                        "attribute_source": null
                    },
                    {
                        "attribute_type_id": "EDAM:data_0006",
                        "value": true,
                        "value_type_id": "biolink:Attribute",
                        "original_attribute_name": "serotonergic_antagonist",
                        "value_url": null,
                        "attribute_source": null
                    },
                    {
                        "attribute_type_id": "EDAM:data_0006",
                        "value": "{'alogp': '4.26', 'aromatic_rings': 2, 'cx_logd': '3.43', 'cx_logp': '4.56', 'cx_most_apka': None, 'cx_most_bpka': '8.50', 'full_molformula': 'C28H36N4O2S', 'full_mwt': '492.69', 'hba': 6, 'hba_lipinski': 6, 'hbd': 0, 'hbd_lipinski': 0, 'heavy_atoms': 35, 'molecular_species': 'NEUTRAL', 'mw_freebase': '492.69', 'mw_monoisotopic': '492.2559', 'num_lipinski_ro5_violations': 0, 'num_ro5_violations': 0, 'psa': '56.75', 'qed_weighted': '0.58', 'ro3_pass': 'N', 'rtb': 5}",
                        "value_type_id": "biolink:Attribute",
                        "original_attribute_name": "molecule_properties",
                        "value_url": null,
                        "attribute_source": null
                    },
                    {
                        "attribute_type_id": "EDAM:data_0006",
                        "value": true,
                        "value_type_id": "biolink:Attribute",
                        "original_attribute_name": "drug",
                        "value_url": null,
                        "attribute_source": null
                    },
                    {
                        "attribute_type_id": "EDAM:data_0006",
                        "value": 0,
                        "value_type_id": "biolink:Attribute",
                        "original_attribute_name": "natural_product",
                        "value_url": null,
                        "attribute_source": null
                    },
                    {
                        "attribute_type_id": "EDAM:data_0006",
                        "value": true,
                        "value_type_id": "biolink:Attribute",
                        "original_attribute_name": "central_nervous_system_drug",
                        "value_url": null,
                        "attribute_source": null
                    },
                    {
                        "attribute_type_id": "EDAM:data_0006",
                        "value": true,
                        "value_type_id": "biolink:Attribute",
                        "original_attribute_name": "serotonergic_drug",
                        "value_url": null,
                        "attribute_source": null
                    },
                    {
                        "attribute_type_id": "EDAM:data_0006",
                        "value": true,
                        "value_type_id": "biolink:Attribute",
                        "original_attribute_name": "adrenergic_antagonist",
                        "value_url": null,
                        "attribute_source": null
                    },
                    {
                        "attribute_type_id": "EDAM:data_0006",
                        "value": true,
                        "value_type_id": "biolink:Attribute",
                        "original_attribute_name": "tranquilizing_drug",
                        "value_url": null,
                        "attribute_source": null
                    },
                    {
                        "attribute_type_id": "EDAM:data_0006",
                        "value": true,
                        "value_type_id": "biolink:Attribute",
                        "original_attribute_name": "pharmacological_role",
                        "value_url": null,
                        "attribute_source": null
                    },
                    {
                        "attribute_type_id": "EDAM:data_0006",
                        "value": true,
                        "value_type_id": "biolink:Attribute",
                        "original_attribute_name": "acceptor",
                        "value_url": null,
                        "attribute_source": null
                    },
                    {
                        "attribute_type_id": "EDAM:data_0006",
                        "value": [
                            "Adrenergic Agents",
                            "Adrenergic alpha-2 Receptor Antagonists",
                            "Adrenergic alpha-Antagonists",
                            "Adrenergic Antagonists",
                            "Agents that produce hypertension",
                            "Antidepressive Agents",
                            "Antipsychotic Agents",
                            "Antipsychotic Agents (Second Generation [Atypical])",
                            "Central Nervous System Agents",
                            "Central Nervous System Depressants",
                            "Cytochrome P-450 CYP3A Substrates",
                            "Cytochrome P-450 CYP3A4 Substrates",
                            "Cytochrome P-450 CYP3A4 Substrates with a Narrow Therapeutic Index",
                            "Cytochrome P-450 Substrates",
                            "Dopamine Agents",
                            "Dopamine Antagonists",
                            "Dopamine D2 Receptor Antagonists",
                            "Heterocyclic Compounds, Fused-Ring",
                            "Hyperglycemia-Associated Agents",
                            "Indole Derivatives",
                            "Isoindoles",
                            "Nervous System",
                            "Neurotoxic agents",
                            "Neurotransmitter Agents",
                            "Potential QTc-Prolonging Agents",
                            "Psycholeptics",
                            "Psychotropic Drugs",
                            "QTc Prolonging Agents",
                            "Serotonergic Drugs Shown to Increase Risk of Serotonin Syndrome",
                            "Serotonin 5-HT1 Receptor Antagonists",
                            "Serotonin 5-HT2 Receptor Antagonists",
                            "Serotonin Agents",
                            "Serotonin Receptor Antagonists",
                            "Sulfur Compounds",
                            "Thiazoles",
                            "Tranquilizing Agents"
                        ],
                        "value_type_id": "biolink:Attribute",
                        "original_attribute_name": "drugbank.categories",
                        "value_url": null,
                        "attribute_source": null
                    },
                    {
                        "attribute_type_id": "EDAM:data_0006",
                        "value": true,
                        "value_type_id": "biolink:Attribute",
                        "original_attribute_name": "adrenergic_agent",
                        "value_url": null,
                        "attribute_source": null
                    },
                    {
                        "attribute_type_id": "EDAM:data_0006",
                        "value": true,
                        "value_type_id": "biolink:Attribute",
                        "original_attribute_name": "neurotransmitter_agent",
                        "value_url": null,
                        "attribute_source": null
                    },
                    {
                        "attribute_type_id": "EDAM:data_0006",
                        "value": [],
                        "value_type_id": "biolink:Attribute",
                        "original_attribute_name": "synonyms",
                        "value_url": null,
                        "attribute_source": null
                    },
                    {
                        "attribute_type_id": "EDAM:data_0006",
                        "value": [
                            "INCHIKEY:DJCHSGOCDDFQGD-UHFFFAOYSA-N",
                            "CHEMBL.COMPOUND:CHEMBL1237021",
                            "MESH:C525644",
                            "UNII:22IC88528T",
                            "PUBCHEM.COMPOUND:213046",
                            "CHEBI:70735",
                            "DRUGBANK:DB08815",
                            "gtpo:7461"
                        ],
                        "value_type_id": "biolink:Attribute",
                        "original_attribute_name": "equivalent_identifiers",
                        "value_url": null,
                        "attribute_source": null
                    },
                    {
                        "attribute_type_id": "EDAM:data_0006",
                        "value": false,
                        "value_type_id": "biolink:Attribute",
                        "original_attribute_name": "parenteral",
                        "value_url": null,
                        "attribute_source": null
                    },
                    {
                        "attribute_type_id": "EDAM:data_0006",
                        "value": true,
                        "value_type_id": "biolink:Attribute",
                        "original_attribute_name": "psychotropic_drug",
                        "value_url": null,
                        "attribute_source": null
                    },
                    {
                        "attribute_type_id": "EDAM:data_0006",
                        "value": true,
                        "value_type_id": "biolink:Attribute",
                        "original_attribute_name": "application",
                        "value_url": null,
                        "attribute_source": null
                    },
                    {
                        "attribute_type_id": "EDAM:data_0006",
                        "value": true,
                        "value_type_id": "biolink:Attribute",
                        "original_attribute_name": "central_nervous_system_depressant",
                        "value_url": null,
                        "attribute_source": null
                    },
                    {
                        "attribute_type_id": "EDAM:data_0006",
                        "value": true,
                        "value_type_id": "biolink:Attribute",
                        "original_attribute_name": "chemical_role",
                        "value_url": null,
                        "attribute_source": null
                    },
                    {
                        "attribute_type_id": "EDAM:data_0006",
                        "value": "lurasidone",
                        "value_type_id": "biolink:Attribute",
                        "original_attribute_name": "name",
                        "value_url": null,
                        "attribute_source": null
                    },
                    {
                        "attribute_type_id": "EDAM:data_0006",
                        "value": true,
                        "value_type_id": "biolink:Attribute",
                        "original_attribute_name": "drugbank.investigational",
                        "value_url": null,
                        "attribute_source": null
                    },
                    {
                        "attribute_type_id": "EDAM:data_0006",
                        "value": true,
                        "value_type_id": "biolink:Attribute",
                        "original_attribute_name": "therapeutic_flag",
                        "value_url": null,
                        "attribute_source": null
                    },
                    {
                        "attribute_type_id": "EDAM:data_0006",
                        "value": false,
                        "value_type_id": "biolink:Attribute",
                        "original_attribute_name": "withdrawn_flag",
                        "value_url": null,
                        "attribute_source": null
                    },
                    {
                        "attribute_type_id": "EDAM:data_0006",
                        "value": true,
                        "value_type_id": "biolink:Attribute",
                        "original_attribute_name": "drugbank.approved",
                        "value_url": null,
                        "attribute_source": null
                    },
                    {
                        "attribute_type_id": "EDAM:data_0006",
                        "value": true,
                        "value_type_id": "biolink:Attribute",
                        "original_attribute_name": "oral",
                        "value_url": null,
                        "attribute_source": null
                    },
                    {
                        "attribute_type_id": "EDAM:data_0006",
                        "value": true,
                        "value_type_id": "biolink:Attribute",
                        "original_attribute_name": "dopaminergic_agent",
                        "value_url": null,
                        "attribute_source": null
                    },
                    {
                        "attribute_type_id": "EDAM:data_0006",
                        "value": true,
                        "value_type_id": "biolink:Attribute",
                        "original_attribute_name": "base",
                        "value_url": null,
                        "attribute_source": null
                    },
                    {
                        "attribute_type_id": "EDAM:data_0006",
                        "value": true,
                        "value_type_id": "biolink:Attribute",
                        "original_attribute_name": "biological_role",
                        "value_url": null,
                        "attribute_source": null
                    }
                ],
                "degree": 175
            },
            "MONDO:0004985": {
                "categories": [
                    "biolink:NamedThing",
                    "biolink:BiologicalEntity",
                    "biolink:Disease",
                    "biolink:DiseaseOrPhenotypicFeature"
                ],
                "name": "bipolar disorder",
                "attributes": [
                    {
                        "attribute_type_id": "EDAM:data_0006",
                        "value": [],
                        "value_type_id": "biolink:Attribute",
                        "original_attribute_name": "synonyms",
                        "value_url": null,
                        "attribute_source": null
                    },
                    {
                        "attribute_type_id": "EDAM:data_0006",
                        "value": "bipolar disorder",
                        "value_type_id": "biolink:Attribute",
                        "original_attribute_name": "name",
                        "value_url": null,
                        "attribute_source": null
                    },
                    {
                        "attribute_type_id": "EDAM:data_0006",
                        "value": true,
                        "value_type_id": "biolink:Attribute",
                        "original_attribute_name": "psychiatric_disorder",
                        "value_url": null,
                        "attribute_source": null
                    },
                    {
                        "attribute_type_id": "EDAM:data_0006",
                        "value": [
                            "MEDDRA:10057667",
                            "NCIT:C34423",
                            "UMLS:C0549339",
                            "HP:0007302",
                            "SNOMEDCT:13746004",
                            "MEDDRA:10004938",
                            "EFO:0000289",
                            "UMLS:C0005586",
                            "DOID:3312",
                            "MONDO:0004985",
                            "MESH:D001714"
                        ],
                        "value_type_id": "biolink:Attribute",
                        "original_attribute_name": "equivalent_identifiers",
                        "value_url": null,
                        "attribute_source": null
                    }
                ],
                "degree": 2630
            }
        },
        "edges": {
            "d281e5a89ab5224b8434c75f58adacfa": {
                "subject": "PUBCHEM.COMPOUND:213046",
                "object": "HP:0002367",
                "predicate": "biolink:causes_adverse_event",
                "relation": null,
                "attributes": [
                    {
                        "attribute_type_id": "EDAM:data_0006",
                        "value": 4.374969999999999,
                        "value_type_id": "biolink:Attribute",
                        "original_attribute_name": "prr",
                        "value_url": null,
                        "attribute_source": null
                    },
                    {
                        "attribute_type_id": "EDAM:data_0006",
                        "value": [
                            "causes_or_contributes_to"
                        ],
                        "value_type_id": "biolink:Attribute",
                        "original_attribute_name": "relation_label",
                        "value_url": null,
                        "attribute_source": null
                    },
                    {
                        "attribute_type_id": "EDAM:data_0006",
                        "value": "biolink:causes_adverse_event",
                        "value_type_id": "biolink:Attribute",
                        "original_attribute_name": "predicate_id",
                        "value_url": null,
                        "attribute_source": null
                    },
                    {
                        "attribute_type_id": "EDAM:data_0006",
                        "value": 4.3810400000000005,
                        "value_type_id": "biolink:Attribute",
                        "original_attribute_name": "ror",
                        "value_url": null,
                        "attribute_source": null
                    },
                    {
                        "attribute_type_id": "EDAM:data_0006",
                        "value": 7,
                        "value_type_id": "biolink:Attribute",
                        "original_attribute_name": "case_count",
                        "value_url": null,
                        "attribute_source": null
                    },
                    {
                        "attribute_type_id": "EDAM:data_0006",
                        "value": [
                            "mychem.get_adverse_events"
                        ],
                        "value_type_id": "biolink:Attribute",
                        "original_attribute_name": "edge_source",
                        "value_url": null,
                        "attribute_source": null
                    },
                    {
                        "attribute_type_id": "EDAM:data_0006",
                        "value": [
                            1595085825.7380838
                        ],
                        "value_type_id": "biolink:Attribute",
                        "original_attribute_name": "ctime",
                        "value_url": null,
                        "attribute_source": null
                    },
                    {
                        "attribute_type_id": "EDAM:data_0006",
                        "value": [
                            "mychem"
                        ],
                        "value_type_id": "biolink:Attribute",
                        "original_attribute_name": "source_database",
                        "value_url": null,
                        "attribute_source": null
                    },
                    {
                        "attribute_type_id": "EDAM:data_0006",
                        "value": [
                            "Aeolus:0000001"
                        ],
                        "value_type_id": "biolink:Attribute",
                        "original_attribute_name": "relation",
                        "value_url": null,
                        "attribute_source": null
                    },
                    {
                        "attribute_type_id": "EDAM:data_0971",
                        "value": [],
                        "value_type_id": "biolink:Attribute",
                        "original_attribute_name": "publications",
                        "value_url": null,
                        "attribute_source": null
                    }
                ]
            },
            "d3e74f8b4b35890e587017eb6334503c": {
                "subject": "MONDO:0004985",
                "object": "HP:0002367",
                "predicate": "biolink:has_phenotype",
                "relation": null,
                "attributes": [
                    {
                        "attribute_type_id": "EDAM:data_0006",
                        "value": [
                            "PRESENTS_DpS"
                        ],
                        "value_type_id": "biolink:Attribute",
                        "original_attribute_name": "relation_label",
                        "value_url": null,
                        "attribute_source": null
                    },
                    {
                        "attribute_type_id": "EDAM:data_0006",
                        "value": "biolink:has_phenotype",
                        "value_type_id": "biolink:Attribute",
                        "original_attribute_name": "predicate_id",
                        "value_url": null,
                        "attribute_source": null
                    },
                    {
                        "attribute_type_id": "EDAM:data_0006",
                        "value": [
                            "hetio.disease_to_phenotype"
                        ],
                        "value_type_id": "biolink:Attribute",
                        "original_attribute_name": "edge_source",
                        "value_url": null,
                        "attribute_source": null
                    },
                    {
                        "attribute_type_id": "EDAM:data_0006",
                        "value": [
                            1585020910.9521887
                        ],
                        "value_type_id": "biolink:Attribute",
                        "original_attribute_name": "ctime",
                        "value_url": null,
                        "attribute_source": null
                    },
                    {
                        "attribute_type_id": "EDAM:data_0006",
                        "value": [
                            "hetio"
                        ],
                        "value_type_id": "biolink:Attribute",
                        "original_attribute_name": "source_database",
                        "value_url": null,
                        "attribute_source": null
                    },
                    {
                        "attribute_type_id": "EDAM:data_0971",
                        "value": [],
                        "value_type_id": "biolink:Attribute",
                        "original_attribute_name": "publications",
                        "value_url": null,
                        "attribute_source": null
                    },
                    {
                        "attribute_type_id": "EDAM:data_0006",
                        "value": [
                            "hetio:PRESENTS_DpS"
                        ],
                        "value_type_id": "biolink:Attribute",
                        "original_attribute_name": "relation",
                        "value_url": null,
                        "attribute_source": null
                    }
                ]
            }
        }
    },
    "results": [
        {
            "node_bindings": {
                "stop1": [
                    {
                        "id": "HP:0002367"
                    }
                ],
                "drug": [
                    {
                        "id": "PUBCHEM.COMPOUND:213046"
                    }
                ],
                "disease": [
                    {
                        "id": "MONDO:0004985"
                    }
                ]
            },
            "edge_bindings": {
                "leg1": [
                    {
                        "id": "d281e5a89ab5224b8434c75f58adacfa"
                    }
                ],
                "leg2": [
                    {
                        "id": "d3e74f8b4b35890e587017eb6334503c"
                    }
                ]
            }
        }
    ]
}